X,Y,OBJECTID,FOLIO,ID,NAME,ADDRESS,CITY,ZIPCODE,PHONE,CONTACT,CLASS,TOTACRE,TYPE,DEVELOP,MNGTAGCY,LAT,LON,POINT_X,POINT_Y,SOURCEGLOBALID,SOURCECREATIONDATE,SOURCECREATOR,SOURCEEDITDATE,SOURCEEDITOR,CREATEDBY,CREATEDDATE,MODIFIEDBY,MODIFIEDDATE,GlobalID
-8958876.3484,2931879.8581,1,1678240110010,790753,Florida City Camp Site & RV Park,601 NW 3rd Ave,Florida City,33034,305-247-8221, ,Single Purpose,14.59385772648,Local,Fully Developed,Florida City,25.45617,-80.47895,828086.515089497,408374.725615658,B194E548-F1BE-4D47-9F98-EC258260050B,2021/10/21 15:23:25+00,HomesteadPark,2024/01/31 09:47:15+00,e304239@miamidade.gov_MDC,PROSM,2024/01/31 10:03:14+00,PROSM,2024/03/05 07:27:59+00,29d8ec00-fd9c-4ea9-94f5-e6977bcb5adc
-8920422.6165,2995840.9102,2,2812350290010,ITD60,Waterways Dog Park,3401 NE 213th St,Aventura,33180,305-466-8008, ,Community/Neighborhood,1.4,Local,Fully Developed,Aventura,25.97383,-80.13352,940832.917220913,597122.525284655,374DF713-CDEE-4429-A075-CF46CAC5CD63,2021/10/21 15:23:25+00,AventuraPark,2024/01/31 09:47:15+00,e304239@miamidade.gov_MDC,PROSM,2024/01/31 10:03:14+00,PROSM,2024/03/05 07:28:00+00,a7250285-ba67-4616-b9d1-cfe204a4aa39
-8919114.8365,2976904.7404,3,0232230020060,322351,Indian Beach Park,4621 Collins Ave,Miami Beach,33140,305-673-7720,305-673-7730,Community/Neighborhood,6,Local,Fully Developed,Miami Beach,25.82081,-80.12177,945065.066893078,541527.561999738,108071E2-AAEF-4581-ACF4-0A06527F95CE,2021/10/21 15:23:25+00,MiamiBeachPark,2024/01/31 09:47:15+00,e304239@miamidade.gov_MDC,PROSM,2024/01/31 10:03:01+00,PROSM,2024/03/05 07:27:39+00,f6936a19-cb0b-4d5b-b4a3-105b7df530c3
-8934715.1815,2962626.9995,4,0341320051860,,Loretta Sheehy Park,"410 SUNSET DRIVE, CORAL GABLES, 33143",Coral Gables,33143,305-460-5620,Fabio Rodriguez,Neighborhood Park,0.13,Local,Open Space,Coral Gables,25.7053,-80.26191,899256.059974865,499200.749118329,E3790488-10A0-4A56-81FC-D77D543C3565,2021/10/21 15:23:25+00,CoralGablesPark,2024/05/23 17:42:21+00,E327883@miamidade.gov_MDC,PROSM,2024/01/31 10:03:01+00,PROSM,2024/05/29 07:42:53+00,2847d6be-b137-4c85-bd88-47d9c1c7d6f3
-8936137.4382,2968157.6578,5,0341080015390,410750,Young Park,"950 CASTILE AVE, CORAL GABLES, 33134",Coral Gables,33134,305-460-5620,Fabian Rodriguez,Neighborhood Park,0.43,Local,Undeveloped,Coral Gables,25.75006,-80.2747,894967.434715683,515368.405459359,5366C52D-D0ED-4E2A-9C77-6A6194911652,2021/10/21 15:23:25+00,CoralGablesPark,2024/05/23 17:51:10+00,E327883@miamidade.gov_MDC,PROSM,2024/01/31 10:03:22+00,PROSM,2024/05/29 07:42:50+00,50f042b4-46a9-43a6-8d8a-d7fc9ca3cfa4
-8943038.7355,2987812.7535,6,3220220041100,202209,ML Tax Dist..- (p-72),Rednock Ln / Breckness Pl,Miami Lakes,33016,305-698-9308, ,Mini Park,0,Local,Undeveloped,Miami Lakes,25.90898,-80.33668,874204.549821746,573160.760872327,82D6EF2B-AF5E-444B-A9BE-CCB29927C18D,2021/10/21 15:23:25+00,MiamiLakesPark,2024/01/31 09:47:15+00,e304239@miamidade.gov_MDC,PROSM,2024/01/31 10:03:02+00,PROSM,2024/03/05 07:27:40+00,bae53726-fefd-4526-bf9a-b0b166e00e55
-8934936.8667,2967124.518,7,0341170040220,411751,Coral Gables War Memorial Youth Center,"405 UNIVERSITY DR, CORAL GABLES, 33134",Coral Gables,33134,305-460-5620,Fabian Rodriguez,Community/Neighborhood,9,Local,Fully Development,Coral Gables,25.7417,-80.26391,898469.263428843,512484.986489086,459F2344-6DD9-4E5E-9FA1-AF6FE4640B50,2021/10/21 15:23:25+00,CoralGablesPark,2024/05/08 15:11:32+00,CoralGablesPark,PROSM,2024/01/31 10:03:34+00,PROSM,2024/05/14 15:56:44+00,9f7f85c8-960c-4b39-aee6-73b3d9ed6d4d
-8938185.3579,2963009.62,8,0940250630040,402555,South Miami Senior Center,6701 SW 62nd Ave,South Miami,33143,305-669-0712, ,Community/Neighborhood,0,Local,Fully Developed,South Miami,25.7084,-80.29308,888927.81696308,500330.213292241,AF05548C-B71D-4FE5-A036-2363E4B05970,2021/10/21 15:23:25+00,SouthMiamiPark,2024/01/31 09:47:15+00,e304239@miamidade.gov_MDC,PROSM,2024/01/31 10:03:02+00,PROSM,2024/03/05 07:27:40+00,472e33cc-1f8a-461f-9fcb-01bb39864a3f
-8935726.3734,2971423.4317,9,0141050330010,410550,Kinloch Park,455 NW 47th Ave,Miami,33126,305-461-7203, JOHN DATO,Community/Neighborhood,4,Local,Fully Developed,Miami,25.77648,-80.27099,896064.518896997,525114.687017158,F3EB456A-33AA-4BB9-BB3B-3C0CDCD92798,2021/10/21 15:23:25+00,MiamiPark,2024/01/31 09:47:15+00,e304239@miamidade.gov_MDC,PROSM,2024/01/31 10:03:15+00,PROSM,2024/03/05 07:28:01+00,3f4f606b-e17d-458d-9221-ee9946e58f78
-8924446.8027,2988974.1026,10,0722170000090,221756,Martin Luther King Park,NE 15th Ct & NE 155th St,North Miami Beach,33162,305-948-2957, ,Greenway,0,Area-Wide,Undeveloped,North Miami Beach,25.91836,-80.16967,929083.891506411,576884.168123655,66D443B8-53F5-49DB-8416-3D60335F9CD3,2021/10/21 15:23:25+00,NorthMiamiBeachPark,2024/01/31 09:47:15+00,e304239@miamidade.gov_MDC,PROSM,2024/01/31 10:03:45+00,PROSM,2024/03/05 07:28:49+00,c70f52b2-ae9b-4770-b3f1-8aa2cfc74408
-8920284.8625,2984869.7213,11,1322270013390, ,Bay Harbor Island Tennis Courts,1165 94th St,Bay Harbor Islands,33154,305-866-6241,,Community/Neighborhood,3.48257485365,Local,Fully Developed,Bay Harbor Islands,25.8852,-80.13228,941452.842490245,564908.545421407,07C6D475-445A-4286-81C9-DB6CA929B018,2021/10/21 15:23:25+00,BayHarborIslandsPark,2024/01/31 09:47:15+00,e304239@miamidade.gov_MDC,PROSM,2024/01/31 10:03:16+00,PROSM,2024/03/05 07:28:03+00,2af0d934-62f3-4866-8152-56854e098471
-8919963.0054,2990334.0592,12,3122140070210,49944,Bella Vista Bay Park,500 Sunny Isles Blvd,Sunny Isles Beach,33160,305-792-1706,305-792-1706,Community/Neighborhood,0,Local,Undeveloped,Sunny Isles Beach,25.92935,-80.12939,942296.92085458,580963.748219073,FF1E3FB0-49E6-4925-A6B5-6F7A41AA6E62,2021/10/21 15:23:25+00,SunnyIslesBeachPark,2024/01/31 09:47:15+00,e304239@miamidade.gov_MDC,PROSM,2024/01/31 10:03:38+00,PROSM,2024/03/05 07:28:39+00,c500179a-8c92-4d13-8e3d-91c45372f365
-8926017.033,2986526.717,13,0622300130040,221950,Ray Cagni Park,750 NE 135th St,North Miami,33161,305-895-9840, ,Community/Neighborhood,9,Local,Fully Developed,North Miami,25.89859,-80.18377,924492.148065247,569667.143843822,01EB2258-AC93-449D-ADC7-0A450B333ECF,2021/10/21 15:23:25+00,NorthMiamiPark,2024/01/31 09:47:15+00,e304239@miamidade.gov_MDC,PROSM,2024/01/31 10:03:29+00,PROSM,2024/03/05 07:28:24+00,b2d2dcf4-4f01-492c-b7d8-5ec423ee22f3
-8927643.7445,2975405.8595,14,0131250191470,312551,Roberto Clemente Park,101 NW 34th St,Miami,33127,305-960-2902,KATHY COTTLE,Community/Neighborhood,5,Local,Fully Developed,Miami,25.80869,-80.19839,919887.467970163,536961.02224832,038135A2-7509-40E0-9288-817ED9CB6567,2021/10/21 15:23:25+00,MiamiPark,2024/01/31 09:47:15+00,e304239@miamidade.gov_MDC,PROSM,2024/01/31 10:03:09+00,PROSM,2024/03/05 07:27:51+00,81d85e86-a3e7-463e-8ee8-f4990f941a52
-8943061.8039,2987356.8756,15,3220220200020,202214,ML Tax Dist.- (p-77),8441 Ardoch Rd,Miami Lakes,33016,305-698-9308, ,Mini Park,0,Local,Undeveloped,Miami Lakes,25.9053,-80.33689,874143.201519247,571821.529626906,053A675C-9153-4324-9C67-AD3123AC202E,2021/10/21 15:23:25+00,MiamiLakesPark,2024/01/31 09:47:15+00,e304239@miamidade.gov_MDC,PROSM,2024/01/31 10:03:15+00,PROSM,2024/03/05 07:28:01+00,200454d0-085e-408a-99b4-0e8dd4e24e21
-8940188.3009,2970356.4812,16,0140020040350,400250,Flagami Park,7121 SW 3rd St,Miami,33144,305-960-2946, ,Mini Park,1,Local,Fully Developed,Miami,25.76785,-80.31108,882890.477987912,521906.606491074,92478C30-3BBB-4555-A602-22F68B5F007D,2021/10/21 15:23:25+00,MiamiPark,2024/01/31 09:47:15+00,e304239@miamidade.gov_MDC,PROSM,2024/01/31 10:03:26+00,PROSM,2024/03/05 07:28:19+00,71b695b8-fdca-4539-9bd1-b254189ad37f
-8928349.9815,2967952.2044,17,0141390012630,411350,Alice Wainwright Park,2651 Brickell Ave,Miami,33129,305-960-2946, ,Nature,18.00879847635,Area-Wide,Fully Developed,Miami,25.74839,-80.20473,917932.506656997,515033.579882823,003DD813-C09A-439A-845E-B6DEDE0E132E,2021/10/21 15:23:25+00,MiamiPark,2024/01/31 09:47:15+00,e304239@miamidade.gov_MDC,PROSM,2024/01/31 10:03:35+00,PROSM,2024/03/05 07:28:35+00,6ee60d39-80d9-484c-88ce-ff7df7e7335f
-8941479.335,2957923.5115,18,2050100000170,501050,Veterans Wayside Park,SW 112th St / S Dixie Hwy,Pinecrest,33156,305-284-0900, ,Community/Neighborhood,3,Local,Fully Developed,Pinecrest,25.66722,-80.32267,879261.251322497,485314.305003904,0A838F93-E74D-4299-B183-045A25DBDD72,2021/10/21 15:23:25+00,PinecrestPark,2024/01/31 09:47:15+00,e304239@miamidade.gov_MDC,PROSM,2024/01/31 10:03:26+00,PROSM,2024/03/05 07:28:18+00,2e2d1569-7eec-4c15-8f45-a7af0a502c2d
-8938142.2092,2962390.4268,19,0940360250170,402553,Jean Willis Park,7220 SW 61st Ct,South Miami,33143,305-668-3876,Lorenzo Woodley,Community/Neighborhood,1,Local,Undeveloped,South Miami,25.70338,-80.29269,889065.200874664,498509.310109906,AC3FC334-5C20-4C46-A481-F067F584B831,2021/10/21 15:23:25+00,SouthMiamiPark,2024/01/31 09:47:15+00,e304239@miamidade.gov_MDC,PROSM,2024/01/31 10:03:37+00,PROSM,2024/03/05 07:28:37+00,cdf5d6d8-b236-442e-9acc-9a8f3d65b071
-8934101.2814,2969095.5911,20,0341080093850,410850,Phillips Park,"90 MENORES AVE, CORAL GABLES, 33134",Coral Gables,33134,305-460-5620,Fabio Rodriguez,Community/Neighborhood,3,Local,Open Space,Coral Gables,25.75765,-80.2564,900905.533955151,518324.179871248,485499F3-F608-4B7C-BF2F-D7E37DE15467,2021/10/21 15:23:25+00,CoralGablesPark,2024/05/15 15:26:42+00,CoralGablesPark,PROSM,2024/01/31 10:03:02+00,PROSM,2024/05/29 07:42:49+00,923668d2-4bdb-43d2-9bef-10fcc90819e4
-8925250.6459,2979278.9678,21,0132180430031,ITD24,Baywood Park,760 NE 69th St,Miami,33138,305-960-2946, ,Community/Neighborhood,0,Local,Fully Developed,Miami,25.84001,-80.17689,926888.948389746,548387.877675407,1DE330E4-28BD-41EC-956B-364961A59E89,2021/10/21 15:23:25+00,MiamiPark,2024/01/31 09:47:15+00,e304239@miamidade.gov_MDC,PROSM,2024/01/31 10:03:21+00,PROSM,2024/03/05 07:28:10+00,d97a4a8c-5bab-4f28-88aa-1176dfc473ee
-8930987.1324,2994164.0277,22, , ,Snake River Trailhead,NW 202nd St,Miami Gardens,33169, ,,Natural Trailhead,,Local,Snake Trail Open,Miami Gardens,25.96029,-80.22842,909682.271517079,592004.796674989,54E9EF74-FEEC-4918-B53F-90FCD3852E2D,2021/10/21 15:23:25+00,MiamiGardensPark,2024/01/31 09:47:15+00,e304239@miamidade.gov_MDC,PROSM,2024/01/31 10:03:35+00,PROSM,2024/03/05 07:28:34+00,0685c0cb-385e-4630-bdd8-87b6b94802bf
-8960589.7998,2932903.0056,23,1078140001100,791350,Blakey Park - Tennis,600 SW 14th Ave,Homestead,33030,305-242-7146, ,Community/Neighborhood,7.90315184788,Local,Fully Developed,Homestead,25.46447,-80.49434,822996.324810579,411371.146131992,6D062395-AAA9-4BD7-87DD-601A9626915E,2021/10/21 15:23:25+00,HomesteadPark,2024/01/31 09:47:15+00,e304239@miamidade.gov_MDC,PROSM,2024/01/31 10:03:44+00,PROSM,2024/03/05 07:28:48+00,bc39d92d-c9bf-40fb-a3d1-36bcd43f8f43
-8946437.0093,2969938.9864,24,2540050010598,400500,Carlow Park and Tennis Courts,10601 SW 5th St,Sweetwater,33174,305-551-4774, ,Community/Neighborhood,2,Local,Fully Developed,Sweetwater,25.76447,-80.36721,864422.590711161,520586.380128905,D1AF78B2-E324-43CB-9BD6-AB06E8F9F081,2021/10/21 15:23:25+00,SweetwaterPark,2024/01/31 09:47:15+00,e304239@miamidade.gov_MDC,PROSM,2024/01/31 10:03:20+00,PROSM,2024/03/05 07:28:09+00,432664ac-a526-4807-afb4-83fef4b8d664
-8931254.9518,2965242.786,25, ,412254,"Dinner Key Picnic Islands #4, #5, #6",Westernmost Off Dinner Key,Miami,33133,305-960-2946, ,Special Activity Park,3,Area-Wide,Undeveloped,Miami,25.72647,-80.23083,909389.120200496,507013.88299574,7286ADE0-A6E9-4131-99C2-F84BC5080FBF,2021/10/21 15:23:25+00,MiamiPark,2024/01/31 09:47:15+00,e304239@miamidade.gov_MDC,PROSM,2024/01/31 10:03:41+00,PROSM,2024/03/05 07:28:44+00,a85cce6a-44ee-4f3f-8f37-8802921d0238
-8938078.4448,2977963.665,26,0530130020010,301351,Peavy-Dove Field Park,700 Dove Ave,Miami Springs,33166,305-805-5075, ,Community/Neighborhood,6.33556008225,Local,Fully Developed,Miami Springs,25.82937,-80.29212,889007.875201911,544301.831057489,757B5F22-C629-44E0-AAA9-4A66FF5C63E3,2021/10/21 15:23:25+00,MiamiSpringsPark,2024/01/31 09:47:15+00,e304239@miamidade.gov_MDC,PROSM,2024/01/31 10:03:11+00,PROSM,2024/03/05 07:27:54+00,018efd04-3365-4caf-9864-a63e87d18260
-8928360.8767,2979649.0633,27,0131120000730,311251,Victory Homes Recreation Area,530 NW 75th St,Miami,33150,305-960-2946, ,Community/Neighborhood,4,Local,Fully Developed,Miami,25.843,-80.20483,917692.611139413,549418.871676408,5A725D1E-1378-473A-8A4E-3268866633EC,2021/10/21 15:23:25+00,MiamiPark,2024/01/31 09:47:15+00,e304239@miamidade.gov_MDC,PROSM,2024/01/31 10:03:12+00,PROSM,2024/03/05 07:27:55+00,3160ec77-6344-4ca5-984f-1dfeef9e94df
-8918878.3573,2980214.3107,28,0232110070330,321150,Allison Park,6475 Collins Ave,Miami Beach,33141,305-673-7730,305-673-7730,Community/Neighborhood,0,Local,Fully Developed,Miami Beach,25.84757,-80.11964,945698.781832997,551258.465110071,5E655137-4423-474E-9CC5-C38AE440205C,2021/10/21 15:23:25+00,MiamiBeachPark,2024/01/31 09:47:15+00,e304239@miamidade.gov_MDC,PROSM,2024/01/31 10:03:18+00,PROSM,2024/03/05 07:28:05+00,e5c4a027-48c4-4667-a161-a799aa75f584
-8930154.1399,2985312.5716,29,0621260167310,212652,Sunkist Grove Center Tot Lot,12500 NW 13th Ave,North Miami,33167,305-685-5461, ,Community/Neighborhood,1,Local,Fully Developed,North Miami,25.88878,-80.22094,912295.520227578,566026.51661066,2FD1A81C-5C52-4659-A877-D2419C7AB260,2021/10/21 15:23:25+00,NorthMiamiPark,2024/01/31 09:47:15+00,e304239@miamidade.gov_MDC,PROSM,2024/01/31 10:03:15+00,PROSM,2024/03/05 07:28:01+00,ceb1f051-662a-4f7b-986c-0d60d4e44b6d
-8926833.7637,2980873.5613,30,0132070270010,320750,Oakland Grove Mini Park,NE 3rd Ave / NE 84th St,Miami,33138,305-960-2946, ,Mini Park,0,Local,Fully Developed,Miami,25.8529,-80.19111,922182.484705579,553044.531091742,57AB5747-1AD3-4F83-AC5B-622201DC9F48,2021/10/21 15:23:25+00,MiamiPark,2024/01/31 09:47:15+00,e304239@miamidade.gov_MDC,PROSM,2024/01/31 10:03:28+00,PROSM,2024/03/05 07:28:22+00,40e57ddb-bfab-497d-89a1-4498df0edd39
-8943062.972,2987878.9291,31,3220220041100,202210,ML Tax Dist.- (p-73),8460 Dundee Ter,Miami Lakes,33016,305-698-9308, ,Mini Park,0,Local,Undeveloped,Miami Lakes,25.90952,-80.3369,874131.998785745,573354.749657571,3F28D1E4-247D-4C57-B2F1-9A468AFEBF30,2021/10/21 15:23:25+00,MiamiLakesPark,2024/01/31 09:47:15+00,e304239@miamidade.gov_MDC,PROSM,2024/01/31 10:03:17+00,PROSM,2024/03/05 07:28:05+00,a9f5c412-fd26-4088-8e78-a45dea6a0f42
-8920405.661,2970110.187,32,0242100000040,791852,South Pointe Park,1 Washington Ave,Miami Beach,33139,305-673-7730,305-673-7006,Special Activity Park,16,Area-Wide,Fully Developed,Miami Beach,25.76585,-80.13336,941381.905296162,521527.55836466,D37BFD56-3B12-4020-86AB-7346593F8C5D,2021/10/21 15:23:25+00,MiamiBeachPark,2024/01/31 09:47:15+00,e304239@miamidade.gov_MDC,PROSM,2024/01/31 10:03:26+00,PROSM,2024/03/05 07:28:19+00,11905d96-4ef7-49dd-a1d0-92cc76c57b2f
-8925244.3022,2972345.7231,33,0132310000010,323152,Watson Island Park,980 Macarthur Cswy,Miami,33132,305-960-2946, ,Special Activity Park,16,Area-Wide,Fully Developed,Miami,25.78394,-80.17683,927035.185630079,528008.863971576,965EB15A-59DA-4D9A-9919-23DC408C199F,2021/10/21 15:23:25+00,MiamiPark,2024/01/31 09:47:15+00,e304239@miamidade.gov_MDC,PROSM,2024/01/31 10:03:24+00,PROSM,2024/03/05 07:28:15+00,9205a26e-ca7e-4f32-a649-a8fe53d0af35
-8947840.0726,2980127.6975,34,3530070010330, ,Doral Legacy Park,11400 NW 82nd St,Doral,33178,305-341-3601,,Community/Neighborhood,10.75062700873,Local,Fully Developed,Doral,25.84687,-80.37982,860133.327308077,550515.433131576,8475819E-C692-4596-A182-01AFFC9C0F4F,2021/10/21 15:23:25+00,DoralPark,2024/01/31 09:47:15+00,e304239@miamidade.gov_MDC,PROSM,2024/01/31 10:03:36+00,PROSM,2024/03/05 07:28:36+00,250634e2-4a7f-46c3-b9ea-526d73125f0d
-8933743.2684,2962968.1993,35,0341290400660,412951,Sunrise Harbor Park,"25 W SUNRISE AVE, CORAL GABLES, 33133",Coral Gables,33133,305-460-5620,Fabio Rodriguez,Neighborhood Park,1,Local,Open Space,Coral Gables,25.70806,-80.25318,902066.997824894,500290.434379131,E1AFA5FE-A8B5-4ACA-95A2-1393F19EA729,2021/10/21 15:23:25+00,CoralGablesPark,2024/05/07 19:20:09+00,CoralGablesPark,PROSM,2024/01/31 10:03:32+00,PROSM,2024/05/08 09:13:35+00,4080504f-7b32-4a1c-b66d-0a96f3347200
-8920658.1765,2985772.5651,36,1322270016780, ,North Passive Park (Triangle),103rd St & E Broadview Dr,Bay Harbor Islands,33154,305-866-6241,,Community/Neighborhood,0.19326689563,Local,Open Space,Bay Harbor Islands,25.8925,-80.13564,940340.879819162,567569.483669072,22AD0A8E-A228-4E48-964A-410764E8EF7D,2021/10/21 15:23:25+00,BayHarborIslandsPark,2024/01/31 09:47:15+00,e304239@miamidade.gov_MDC,PROSM,2024/01/31 10:03:29+00,PROSM,2024/03/05 07:28:23+00,6461a2c6-7382-41a6-ab4a-23a576268dc8
-8959275.814,2934969.7087,37,1078120000400,781250,James Archer Smith Vita Park,300 NW 12th St,Homestead,33030,305-224-4570, ,Community/Neighborhood,5,Local,Fully Developed,Homestead,25.48123,-80.48254,826867.109391827,417477.596189409,4B4A6403-B11D-483F-B8C4-348C55471F28,2021/10/21 15:23:25+00,HomesteadPark,2024/01/31 09:47:15+00,e304239@miamidade.gov_MDC,PROSM,2024/01/31 10:03:19+00,PROSM,2024/03/05 07:28:08+00,18d47dca-3c6e-4e61-a539-071279a4dbf9
-8960360.9235,2930118.1951,38,1678240160200,782550,William J Fasulo Park,525 SW 10th Ave,Florida City,33034,305-247-8221, ,Community/Neighborhood,13,Local,Fully Developed,Florida City,25.44188,-80.49229,823705.942157745,403164.329212323,A4B150E0-6A98-4FD3-AA47-AE501C1C3C20,2021/10/21 15:23:25+00,FloridaCityPark,2024/01/31 09:47:15+00,e304239@miamidade.gov_MDC,PROSM,2024/01/31 10:03:18+00,PROSM,2024/03/05 07:28:06+00,fb30ee8d-1af5-4ad5-acca-fd6cfef0561c
-8940840.0752,2985615.427,39,0420260010400,201650,Palm Lakes Park,7450 W 16th Ave,Hialeah,33014,305-557-1231,William Sanchez,Neighborhood Park,2,Local,Fully Developed,Hialeah,25.89122,-80.31693,880730.615181662,566740.278962657,4C0B8040-4342-4385-9DC9-38451F708E2D,2021/10/21 15:23:25+00,HialeahPark,2024/01/31 09:47:15+00,e304239@miamidade.gov_MDC,PROSM,2024/01/31 10:03:12+00,PROSM,2024/03/05 07:27:57+00,80398cfa-0cc6-48c8-851b-c6b6ae3257ab
-8928078.3476,2973374.5656,40,0131360650080,313653,Williams Park,1717 NW 5th Ave,Miami,33136,305-573-9553,TYRONE MILLER,Community/Neighborhood,5,Local,Fully Developed,Miami,25.79226,-80.2023,918639.201765914,530982.016161739,FD70B503-0A06-4FDB-AF42-D4644899A052,2021/10/21 15:23:25+00,MiamiPark,2024/01/31 09:47:15+00,e304239@miamidade.gov_MDC,PROSM,2024/01/31 10:03:33+00,PROSM,2024/03/05 07:28:32+00,0dd50431-c5a5-42d7-84a8-5136c157a194
-8924991.7083,2991423.0106,41, ,220852,Columbia Tot Lot,NE 177th St & NE 13th Ave,North Miami Beach,33162,305-948-2957, ,Mini Park,0,Area-Wide,Fully Developed,North Miami Beach,25.93815,-80.17456,927405.262645829,584101.191747323,B896CF68-3453-4BA4-8CD9-75BCFA8E6593,2021/10/21 15:23:25+00,NorthMiamiBeachPark,2024/01/31 09:47:15+00,e304239@miamidade.gov_MDC,PROSM,2024/01/31 10:03:15+00,PROSM,2024/03/05 07:28:01+00,0f753769-dbed-4473-9bec-9c047d4edf80
-8938997.2705,2981728.8781,42,0430010190060,300151,Goodlet Park,4200 W 8th Ave,Hialeah,33012,305-556-4567,William Sanchez,Neighborhood Park,23,Local,Fully Developed,Hialeah,25.85981,-80.30038,886233.934555579,555351.32667499,1EC0CF25-45F4-49C0-B412-4A73D0D24684,2021/10/21 15:23:25+00,HialeahPark,2024/01/31 09:47:15+00,e304239@miamidade.gov_MDC,PROSM,2024/01/31 10:03:20+00,PROSM,2024/03/05 07:28:08+00,68e40fa1-9bcf-4a1c-93e5-c9dd644ba3e4
-8936824.1431,2965470.3588,43,0341190016440,421,"Enrique ""Henry"" Cepero Memorial Park","4600 SAN AMARO DR, CORAL GABLES, 33146",Coral Gables,33146,305-460-5620,Fabio Rodriguez,Neighborhood Park,1,Local,Undeveloped,Coral Gables,25.72832,-80.28086,892950.560214367,507441.59339872,8041E44D-85E7-42BF-90FC-D1615BA9153F,2021/10/21 15:23:25+00,CoralGablesPark,2024/05/23 17:32:45+00,E327883@miamidade.gov_MDC,PROSM,2024/01/31 10:03:23+00,PROSM,2024/05/29 07:42:51+00,cbb8c36f-2d26-4c02-bdb6-ac9a3dac74a1
-8931655.0548,2973382.2553,44,0131340000330,313450,Curtis Park Sport Complex,1901 NW 24th Ave,Miami,33125,305-634-4961,JOSE LEIVA,Community/Neighborhood,21,Local,Fully Developed,Miami,25.79232,-80.23442,908066.824944828,530941.862698741,DAB063D2-8711-49D3-A8C0-6C71493E7FFB,2021/10/21 15:23:25+00,MiamiPark,2024/01/31 09:47:15+00,e304239@miamidade.gov_MDC,PROSM,2024/01/31 10:03:18+00,PROSM,2024/03/05 07:28:05+00,28e35b41-acc9-4551-ae48-28a0e6e7ab5d
-8920124.1269,2976482.864,45,0232220170250,322252,Muss Park,4300 Chase Ave,Miami Beach,33140,305-673-7765,305-673-7765,Community/Neighborhood,1,Local,Fully Developed,Miami Beach,25.8174,-80.13085,942090.610899746,540267.778430074,C931419D-0AFB-4435-BAC0-BCF2416819D0,2021/10/21 15:23:25+00,MiamiBeachPark,2024/01/31 09:47:15+00,e304239@miamidade.gov_MDC,PROSM,2024/01/31 10:03:17+00,PROSM,2024/03/05 07:28:03+00,3236d632-5890-4232-b4ed-d18554933d17
-8927180.1311,2990539.7961,46,0722070050500,220752,Dolphin Park,NE 170th St & NE 3rd Ct,North Miami Beach,33162,305-948-2957, ,Community/Neighborhood,0,Local,Undeveloped,North Miami Beach,25.93102,-80.19422,920982.014337495,581444.950996824,9C19660E-BBD5-4EE4-B746-77315FF6EF1B,2021/10/21 15:23:25+00,NorthMiamiBeachPark,2024/01/31 09:47:15+00,e304239@miamidade.gov_MDC,PROSM,2024/01/31 10:03:33+00,PROSM,2024/03/05 07:28:31+00,7332dfac-847c-49b8-acfb-e4890f6fefc0
-8935527.25120001,2975777.3663,47,0531200340670,312053,Ragan Park,La Baron Dr / Ragan Dr,Miami Springs,33166,305-805-5075, ,Mini Park,1,Local,Undeveloped,Miami Springs,25.81169,-80.2692,896582.128426079,537917.348419658,369373FE-3ECA-45AE-A7EA-1D20E8B36719,2021/10/21 15:23:25+00,MiamiSpringsPark,2024/01/31 09:47:15+00,e304239@miamidade.gov_MDC,PROSM,2024/01/31 10:03:03+00,PROSM,2024/03/05 07:27:41+00,b86e923c-b021-4b66-a07a-0db8c43feac7
-8940163.01170001,2987453.6613,48,3220230032690,202335,ML Tax Dist.- (p-20),14611 Mahogany Ct,Miami Lakes,33014,305-698-9308, ,Mini Park,0,Local,Undeveloped,Miami Lakes,25.90608,-80.31085,882701.862223413,572149.922342822,14A0622E-1C18-4A59-82BF-C7317002D89C,2021/10/21 15:23:25+00,MiamiLakesPark,2024/01/31 09:47:15+00,e304239@miamidade.gov_MDC,PROSM,2024/01/31 10:03:13+00,PROSM,2024/03/05 07:27:58+00,12cbbd9b-e30b-4070-8a74-f89f65d2b33e
-8920708.33560001,2990644.7107,49, ,221051,Eastern Shore Tot Lot,16531 NE 35th  Ave,North Miami Beach,33160,305-948-2957, ,Mini Park,0,Local,Fully Developed,North Miami Beach,25.93186,-80.13609,940090.325530246,581861.395045824,4C3D9421-64ED-4A74-8DFB-C0B37B325CB9,2021/10/21 15:23:25+00,NorthMiamiBeachPark,2024/01/31 09:47:15+00,e304239@miamidade.gov_MDC,PROSM,2024/01/31 10:03:24+00,PROSM,2024/03/05 07:28:16+00,ba254b00-7218-42cd-87d3-46d78987b5d1
-8944018.01760001,2950271.4561,50,3350330000660,503303,Palmetto Bay Park,17535 SW 95th Ave,Palmetto Bay,33157,305-259-1234,305-251-2751,Community Park,17,Local,Fully Developed,Palmetto Bay,25.60525,-80.34548,871860.856018327,462752.340285406,F210D391-D302-4D53-972C-95B43EA12115,2021/10/21 15:23:25+00,PalmettoBayPark,2024/01/31 09:47:15+00,e304239@miamidade.gov_MDC,PROSM,2024/01/31 10:03:14+00,PROSM,2024/03/05 07:27:59+00,78ee44db-d76a-46ea-8f4f-dfe5cc5c7b4d
-8939836.06160001,2987242.363,51,3220240081160,202411,ML Tax Dist.- (p-13),14410 Harris Pl,Miami Lakes,33014,305-698-9308, ,Mini Park,0,Local,Undeveloped,Miami Lakes,25.90437,-80.30792,883670.618816078,571534.423901908,E0A4604A-E9DB-4519-A15F-5F82771CC8F2,2021/10/21 15:23:25+00,MiamiLakesPark,2024/01/31 09:47:15+00,e304239@miamidade.gov_MDC,PROSM,2024/01/31 10:03:03+00,PROSM,2024/03/05 07:27:42+00,7b9372c6-0bd8-40ac-96f4-0667a0686f5a
-8919024.50860001,2995290.5217,52,1912350061180,123552,North Park (Triangle),Golden Beach Dr & Palermo Ave,Golden Beach,33160,305-932-0744, ,Community/Neighborhood,0.68801130764,Local,Fully Developed,Golden Beach,25.96939,-80.12096,944970.125481911,595534.415928073,5ECED594-175D-4D4D-A482-DEA819138F00,2021/10/21 15:23:25+00,GoldenBeachPark,2024/01/31 09:47:15+00,e304239@miamidade.gov_MDC,PROSM,2024/01/31 10:03:39+00,PROSM,2024/03/05 07:28:41+00,a014d4c4-841e-4961-a55a-232c0c3af215
-8937919.98820001,2979624.8951,53,0430120101490,310750,Ethel Primus Park,401 W 23rd St,Hialeah,33010,305-687-2650,Kenneth Soler,Mini Park,0,Local,Fully Developed,Hialeah,25.8428,-80.2907,889449.761129163,549186.207115486,F2FCFFC1-2BBC-4CE3-A39C-E69F70F40CC1,2021/10/21 15:23:25+00,HialeahPark,2024/01/31 09:47:15+00,e304239@miamidade.gov_MDC,PROSM,2024/01/31 10:03:36+00,PROSM,2024/03/05 07:28:36+00,90c45f94-bef0-4c73-98af-a5abd89d8e94
-8933213.50960001,2967509.892,54,,,Galiano Green,"95 ALMERIA AVE, CORAL GABLES, 33134",Coral Gables,33134,305-460-5620,Fabio Rodriguez,Specialized,0.52,Local,Undeveloped,Coral Gables,25.74729,-80.25645,900945.86390446,514477.26987229,7DFD8461-DC89-48AA-8503-B4880A1F7267,2024/05/03 12:02:37+00,CoralGablesPark,2024/05/21 20:37:45+00,E327883@miamidade.gov_MDC,PROSM,2024/05/03 21:00:23+00,PROSM,2024/05/29 07:42:50+00,ea1c31cb-fb0f-42a8-b25a-a186521c22f2
-8939350.28810001,2963615.2513,55,0940260000040,402650,Palmer Park,6750 SW 60th St,South Miami,33143,305-668-3876,,Community/Neighborhood,8,Local,Fully Developed,South Miami,25.7133,-80.30355,885472.670658164,502093.520133071,E2876E2F-D328-4C1B-8678-6814F316061D,2021/10/21 15:23:25+00,SouthMiamiPark,2024/01/31 09:47:15+00,e304239@miamidade.gov_MDC,PROSM,2024/01/31 10:03:02+00,PROSM,2024/03/05 07:27:40+00,9870f511-a478-42ed-99e0-92e1e942ab17
-8923919.18320001,2989723.9136,56,0722170050610,221753,Allen Park/DeLeonardis Youth Center,1770 NE 162nd St,North Miami Beach,33162,305-948-2927, ,Community Park,4,Local,Fully Developed,North Miami Beach,25.92442,-80.16493,930627.789009161,579096.008516237,33CBFCB7-B15C-4AFB-9C8C-4FB8191A6250,2021/10/21 15:23:25+00,NorthMiamiBeachPark,2024/01/31 09:47:15+00,e304239@miamidade.gov_MDC,PROSM,2024/01/31 10:03:23+00,PROSM,2024/03/05 07:28:15+00,b57bd07a-39ba-4cdb-9656-3a70716374c1
-8939909.25490001,2950892.8314,57,3350350010120,ITD43,Thalatta Estate Park,17301 Old Cutler Rd,Palmetto Bay,33157,305-234-6383,305-234-6383,Special Activity Park,4,Local,Fully Developed,Palmetto Bay,25.61028,-80.30857,884015.048573412,464643.569114491,9C82A922-EB42-44A5-B0E8-4646BC102CFB,2021/10/21 15:23:25+00,PalmettoBayPark,2024/01/31 09:47:15+00,e304239@miamidade.gov_MDC,PROSM,2024/01/31 10:03:44+00,PROSM,2024/03/05 07:28:47+00,6352a166-0256-45de-88fa-80d739a5b069
-8932038.36830001,2994788.7351,58,3411340000051,113401,Bennett M. Lifter Park /Lake Lucerne,20701 NW 22nd Ave,Miami Gardens,33056,305-622-8080, ,Community/Neighborhood,2,Local,Fully Developed,Miami Gardens,25.96533,-80.23786,906568.686536912,593820.516468741,8DB09109-F63A-4200-8247-5BCD706A9F68,2021/10/21 15:23:25+00,MiamiGardensPark,2024/01/31 09:47:15+00,e304239@miamidade.gov_MDC,PROSM,2024/01/31 10:03:16+00,PROSM,2024/03/05 07:28:03+00,f0fe06cb-6f31-4b42-bef4-90706ec09d20
-8937361.77920001,2958202.3978,59,2050120080050,501250,Pinecrest Gardens,11000 SW 57th Ave,Pinecrest,33156,305-284-0900, ,Special Activity Park,21,Area-Wide,Fully Developed,Pinecrest,25.66948,-80.28568,891440.329326496,486199.099166073,8C775377-167B-42D8-89AD-66937F24E69A,2021/10/21 15:23:25+00,PinecrestPark,2024/01/31 09:47:15+00,e304239@miamidade.gov_MDC,PROSM,2024/01/31 10:03:11+00,PROSM,2024/03/05 07:27:54+00,4e7e17bc-1484-4672-b4d4-bc61076322cb
-8934629.79190001,2968813.017,60,0341080060380,,Salzedo Park,"301 MAJORCA AVE, CORAL GABLES, 33134",Coral Gables,33134,305-460-5620,Fabio Rodriguez,Community Park,0.28,Local,Open Space,Coral Gables,25.75536,-80.26115,899349.687329816,517457.216473533,D4CE817D-67F8-4354-813D-62C4DE3DECD1,2024/05/03 12:15:10+00,CoralGablesPark,2024/05/15 18:29:46+00,CoralGablesPark,PROSM,2024/05/03 21:00:23+00,PROSM,2024/05/29 07:42:49+00,895f9e02-ad2d-4195-96af-22cd8b77b9ef
-8942662.81540001,2987790.6909,61,3220220360001,202252,ML Tax Dist.-Lake Sandra Area,Oak Ln / Montrose St,Miami Lakes,33016,305-698-9308, ,Mini Park,0,Local,Undeveloped,Miami Lakes,25.9088,-80.3333,875314.938020911,573101.594980158,0E53C4A8-4959-4F00-B927-EA73E1F0F156,2021/10/21 15:23:25+00,MiamiLakesPark,2024/01/31 09:47:15+00,e304239@miamidade.gov_MDC,PROSM,2024/01/31 10:03:28+00,PROSM,2024/03/05 07:28:23+00,83afb9c0-f977-47e1-99c9-9324228ff3c8
-8934524.97960001,2967080.7288,62,0341170070715,,Sarto Green,"241 SARTO AVE, CORAL GABLES, 33134",Coral Gables,33134,305-460-5620,Fabio Rodriguez,Neighborhood Park,0.11,Local,Open Space,Coral Gables,25.74135,-80.2602,899720.184701128,512372.74902968,E99E07EF-0FB5-47A7-941A-6341B0367B1A,2021/10/21 15:23:25+00,CoralGablesPark,2024/05/23 17:49:27+00,E327883@miamidade.gov_MDC,PROSM,2024/01/31 10:03:29+00,PROSM,2024/05/29 07:42:53+00,512dcae3-3a0d-4e93-a808-b8178269b9a4
-8933744.69270001,2994594.7511,63,3411330240010,113301,Buccaneer Park,20601 NW 32nd Ave,Miami Gardens,33056,305-622-8080, ,Community/Neighborhood,6,Local,Fully Developed,Miami Gardens,25.96377,-80.25319,901535.648374662,593222.026195906,6C67C0B1-4BF5-41CE-AE0E-EC9FAE5D86C2,2021/10/21 15:23:25+00,MiamiGardensPark,2024/01/31 09:47:15+00,e304239@miamidade.gov_MDC,PROSM,2024/01/31 10:03:09+00,PROSM,2024/03/05 07:27:51+00,8377e218-1729-4697-9857-fb48deac7fe9
-8923502.89870001,2990679.0395,64,0722090062960,220951,Victory Park Community Center,17051 NE 19th Ave,North Miami Beach,33162,305-948-2926, ,Community/Neighborhood,10.0841606115,Local,Fully Developed,North Miami Beach,25.93214,-80.1612,931838.954893913,581908.582287408,734C1CEF-CB7F-4D05-BD28-DD52B7385C28,2021/10/21 15:23:25+00,NorthMiamiBeachPark,2024/01/31 09:47:15+00,e304239@miamidade.gov_MDC,PROSM,2024/01/31 10:03:17+00,PROSM,2024/03/05 07:28:04+00,5069c789-4acd-42a3-a267-6ab4c7cda91b
-8926375.74480001,2978300.5226,65,0132180000330,321851,Eaton Park,6015 NE 4th Ct,Miami,33137,305-960-2946, ,Community/Neighborhood,3,Local,Fully Developed,Miami,25.83209,-80.18699,923582.41103958,545491.789963655,C29442F7-DC1A-49E2-9FA4-2DF7FCB30219,2021/10/21 15:23:25+00,MiamiPark,2024/01/31 09:47:15+00,e304239@miamidade.gov_MDC,PROSM,2024/01/31 10:03:10+00,PROSM,2024/03/05 07:27:53+00,838c3f46-6cbb-48f9-826e-7bed2374d114
-8933754.01710001,2987436.4584,66,0821210050090,212150,Sherbondy Park,177 Perviz Ave,Opa Locka,33054,305-953-2875, ,Community/Neighborhood,4,Local,Fully Developed,Opa Locka,25.90594,-80.25328,901627.938216329,572203.011475489,E3F1D5FB-5FE2-48A0-ABDC-67B2800CED71,2021/10/21 15:23:25+00,OpaLockaPark,2024/01/31 09:47:15+00,e304239@miamidade.gov_MDC,PROSM,2024/01/31 10:03:03+00,PROSM,2024/03/05 07:27:41+00,2737f274-0bce-47f4-81eb-d928e36b9210
-8920253.47530001,2985333.192,67,1322270012020, ,Officer Scott A. Winters Park,1135 98th St,Bay Harbor Islands,33154,305-866-6241,,Community/Neighborhood,0.74895428128,Local,Fully Developed,Bay Harbor Islands,25.88894,-80.13201,941536.541797914,566270.613563403,807B408F-3AC7-41D1-9380-4007B4A69B66,2021/10/21 15:23:25+00,BayHarborIslandsPark,2024/01/31 09:47:15+00,e304239@miamidade.gov_MDC,PROSM,2024/01/31 10:03:08+00,PROSM,2024/03/05 07:27:50+00,9fd327f3-6795-42c3-bc4c-9b7b3f243c0d
-8944213.94780001,2987040.508,68,3220210010091,202160,Barbara Goleman Senior High School ,14100 NW 89th Ave,Miami Lakes,33018,305-698-9308, ,Community/Neighborhood,0,Local,Fully Developed,Miami Lakes,25.90274,-80.34724,870745.544600662,570875.28447216,D05ADD84-1F01-4F1C-AAD0-18FFC3F76B5D,2021/10/21 15:23:25+00,MiamiLakesPark,2024/01/31 09:47:15+00,e304239@miamidade.gov_MDC,PROSM,2024/01/31 10:03:10+00,PROSM,2024/03/05 07:27:53+00,3a792bfa-f6c4-4b56-8db7-18390b72454a
-8948068.36970001,2970127.2242,69,2540060010770,400650,Ronselli Park,250 SW 114th Ave,Sweetwater,33174,305-551-4774, ,Community/Neighborhood,4,Local,Fully Developed,Sweetwater,25.76599,-80.38186,859596.89924708,521116.986351155,E0573F78-319B-49E0-8D68-C226CD1FD750,2021/10/21 15:23:25+00,SweetwaterPark,2024/01/31 09:47:15+00,e304239@miamidade.gov_MDC,PROSM,2024/01/31 10:03:33+00,PROSM,2024/03/05 07:28:32+00,19ac9fe4-5223-433a-9f03-6539ab36f424
-8920524.14730001,2976280.4747,70,0232220000030,322251,Polo Park,4301 Michigan Ave,Miami Beach,33140,305-861-3616,305-673-7767,Community/Neighborhood,7,Local,Undeveloped,Miami Beach,25.81576,-80.13443,940912.354397997,539665.112640657,C33A413A-BB6C-4816-99D8-1C557C5D1244,2021/10/21 15:23:25+00,MiamiBeachPark,2024/01/31 09:47:15+00,e304239@miamidade.gov_MDC,PROSM,2024/01/31 10:03:20+00,PROSM,2024/03/05 07:28:10+00,269e92fe-226b-478b-9757-c0b378274db2
-8934939.04030001,2975768.4205,71,0431200240270,312051,Three Friends Park Triangle,SE Park Dr & SE 8th Ct,Hialeah,33010,305-687-2650,Edward Acosta,Mini-Park,0.24593671631,Local,Fully Developed,Hialeah,25.81162,-80.26392,898320.648571078,537900.743794076,AA64192E-A771-4D4C-9E5D-4C49BDE40979,2021/10/21 15:23:25+00,HialeahPark,2024/01/31 09:47:15+00,e304239@miamidade.gov_MDC,PROSM,2024/01/31 10:03:28+00,PROSM,2024/03/05 07:28:23+00,e1a25f8d-ef6f-4d6a-9eeb-ac27fce7ec2c
-8959975.11730001,2933191.9136,72,1078130000580,ITD10,Phichol Williams Community Center,951 SW 4th St,Homestead,33030,305-242-7146, ,Special Activity Park,2.5,Local,Fully Developed,Homestead,25.46681,-80.48882,824814.878916245,412229.688050076,A4249D63-0235-4B92-800A-0F752834A963,2021/10/21 15:23:25+00,HomesteadPark,2024/01/31 09:47:15+00,e304239@miamidade.gov_MDC,PROSM,2024/01/31 10:03:43+00,PROSM,2024/03/05 07:28:46+00,c521de76-3cf9-4e10-b3ab-3a92930a9cd5
-8937435.75360001,2970436.8448,73,0141060461820,410650,Flagler Terrace Park Triangle,SW 56th Ave & SW 3rd St,Miami,33134,305-960-2946, ,Community/Neighborhood,1.00024814806,Local,Fully Developed,Miami,25.7685,-80.28635,891026.916111328,522186.206653655,CF243927-AE88-413C-840C-734EFBCB99F5,2021/10/21 15:23:25+00,MiamiPark,2024/01/31 09:47:15+00,e304239@miamidade.gov_MDC,PROSM,2024/01/31 10:03:12+00,PROSM,2024/03/05 07:27:56+00,b92d68fc-83de-4540-bb8f-b243f23b37c8
-8932105.53340001,2965324.1234,74,0141210420020,412151,Kenneth Myers Park,S Bayshore Dr & SW 27th Ave,Miami,33133,305-960-2946, ,Community/Neighborhood,5,Local,Undeveloped,Miami,25.72713,-80.23848,906872.159683246,507238.540682904,81768408-902E-40C0-91EA-DFFFB5092EEF,2021/10/21 15:23:25+00,MiamiPark,2024/01/31 09:47:15+00,e304239@miamidade.gov_MDC,PROSM,2024/01/31 10:03:38+00,PROSM,2024/03/05 07:28:39+00,3d572ce9-3869-4ef7-9731-2c601c3d2d8c
-8927769.16660001,2970450.4075,75,0102030701030, ,Jose Marti Park Baseball Field,330 SW 5th St,Miami,33130,305-960-2945,,Baseball Field,1.14890676513,Local,Fully Developed,Miami,25.76861,-80.19951,919605.343534414,522390.260051325,782F4104-EBF6-4009-BFD5-14ACB1ADBDC0,2021/10/21 15:23:25+00,MiamiPark,2024/01/31 09:47:15+00,e304239@miamidade.gov_MDC,PROSM,2024/01/31 10:03:04+00,PROSM,2024/03/05 07:27:43+00,de236093-6d88-43cc-952b-172d747e3e08
-8940500.83960001,2986669.9851,76,3220230041330,202308,ML Tax Dist.- (p-23),6961 Bamboo St,Miami Lakes,33014,305-698-9308, ,Mini Park,0,Local,Undeveloped,Miami Lakes,25.89975,-80.31388,881716.300218161,569842.992245406,E103FB4E-BA70-4248-9721-836BE9B20DAA,2021/10/21 15:23:25+00,MiamiLakesPark,2024/01/31 09:47:15+00,e304239@miamidade.gov_MDC,PROSM,2024/01/31 10:03:03+00,PROSM,2024/03/05 07:27:41+00,c73474e5-04e4-4b18-abe7-8fe54b5cd24f
-8940945.38800001,2958815.0915,77,2050020080124,500251,Flagler Grove Park,7551 SW 104th St,Pinecrest,33156,305-284-0900, ,Mini Park,2,Local,Fully Developed,Pinecrest,25.67444,-80.31788,880827.621221244,487946.08812616,2BA5D20F-308C-47D6-818D-5310475D7C8B,2021/10/21 15:23:25+00,PinecrestPark,2024/01/31 09:47:15+00,e304239@miamidade.gov_MDC,PROSM,2024/01/31 10:03:32+00,PROSM,2024/03/05 07:28:29+00,c5c507cc-b587-4c5b-a9d1-b71fc3de157e
-8930561.80980001,2974470.0886,78,0131270760010,312750,Juan Pablo Duarte Park,1700 NW 28th St,Miami,33142,305-635-2710, ,Community/Neighborhood,9,Local,Fully Developed,Miami,25.80112,-80.2246,911279.46222033,534158.660727076,32076876-92B7-4EAC-9C5C-9C5CBB327BE3,2021/10/21 15:23:25+00,MiamiPark,2024/01/31 09:47:15+00,e304239@miamidade.gov_MDC,PROSM,2024/01/31 10:03:04+00,PROSM,2024/03/05 07:27:44+00,c518f4a3-9459-4f86-b7ad-a927eb7abda2
-8928336.46430001,2995001.6709,79,3411360032450,113601,Andover Park,100 NW 209th St,Miami Gardens,33169,305-622-8080, ,Community/Neighborhood,3,Local,Fully Developed,Miami Gardens,25.96705,-80.20461,917491.250649747,594510.62565282,27927B37-FAB5-4F5A-898D-8A485C6AE4AB,2021/10/21 15:23:25+00,MiamiGardensPark,2024/01/31 09:47:15+00,e304239@miamidade.gov_MDC,PROSM,2024/01/31 10:03:29+00,PROSM,2024/03/05 07:28:24+00,9dc31dcd-c597-46cd-842a-0e452cad2faa
-8945470.09060001,2985599.7582,80,2720290212650,ITD04,Golden Eagle Park,9784 NW 130th St,Hialeah Gardens,33018,305-558-2331, ,Community/Neighborhood,2,Local,Fully Developed,Hialeah Gardens,25.8911,-80.35852,867056.772450663,566625.234245241,C3C10D41-B1FA-45FB-AC0D-A1AFDF7A04DD,2021/10/21 15:23:25+00,HialeahGardensPark,2024/01/31 09:47:15+00,e304239@miamidade.gov_MDC,PROSM,2024/01/31 10:03:11+00,PROSM,2024/03/05 07:27:55+00,21737d84-f52b-4345-814e-65780fdd4f4d
-8934202.19180001,2969667.7128,81,0341080091435,,Freedom Plaza,"918 E PONCE DE LEON BLVD, CORAL GABLES, 33134",Coral Gables,33134,305-460-5620,Fabio Rodriguez,Neighborhood Park,0,Local,Undeveloped,Coral Gables,25.76228,-80.2573,900463.686571243,520028.059807123,730FBEFF-F817-46BF-B001-9A5081388942,2021/10/21 15:23:25+00,CoralGablesPark,2024/05/13 10:54:51+00,CoralGablesPark,PROSM,2024/01/31 10:03:27+00,PROSM,2024/05/14 15:56:45+00,65048d3d-8493-4767-902e-403b7f7e3fea
-8932362.74830001,2966205.3086,82,0141210170180,412155,Lincoln Park,2954 Jackson Ave,Miami,33133,305-960-2946, ,Mini Park,0,Local,Undeveloped,Miami,25.73426,-80.24078,906096.544764664,509825.97776524,CDB6581B-DE29-46B7-A728-876C505AB70A,2021/10/21 15:23:25+00,MiamiPark,2024/01/31 09:47:15+00,e304239@miamidade.gov_MDC,PROSM,2024/01/31 10:03:25+00,PROSM,2024/03/05 07:28:18+00,af59c7bc-6e21-4f5a-81ed-f58219878a48
-8926662.01700001,2980969.9276,83,1832070490960, ,El Portal Indian Mound,375 NE 85th St,El Portal,33138,305-795-7880,,Mini-Park,0.09864930835,Local,Undeveloped,El Portal,25.85369,-80.18957,922679.01028733,553332.961945325,B21DE67D-2B76-4D5B-B97E-A0BF768562FF,2021/10/21 15:23:25+00,ElPortalPark,2024/01/31 09:47:15+00,e304239@miamidade.gov_MDC,PROSM,2024/01/31 10:03:08+00,PROSM,2024/03/05 07:27:50+00,bd9a76c0-8179-45ad-9215-ef90b49f7135
-8920811.86050001,2993024.6574,84,2812350140100,220350,Founders Park South Green Garden,3105 NE 190th St,Aventura,33180,305-466-8556, ,Community/Neighborhood,2.0594043499,Local,Fully Developed,Aventura,25.95109,-80.13701,939738.62971133,588847.34367232,57197ADD-AA6C-4BD8-B0CA-BB824DC029BA,2021/10/21 15:23:25+00,AventuraPark,2024/01/31 09:47:15+00,e304239@miamidade.gov_MDC,PROSM,2024/01/31 10:03:26+00,PROSM,2024/03/05 07:28:19+00,375840da-8cf4-4b89-a730-918daea642ce
-8936673.11690001,2966877.5996,85,0341180062290,,City of Coral Gables Biltmore Golf Course,"1210 ANASTASIA AVE, CORAL GABLES, 33134",Coral Gables,33134,305-460-5620,Fabian Rodriguez,Neighborhood Park,138,Local,Fully Developed,Coral Gables,25.7397,-80.2795,893338.543027545,511732.219848354,28819BA8-5D24-4395-9E12-26ADEC82DAE3,2021/10/21 15:23:25+00,CoralGablesPark,2024/05/08 14:36:45+00,CoralGablesPark,PROSM,2024/01/31 10:03:34+00,PROSM,2024/05/14 15:56:43+00,00b7bbe5-7567-433b-89f3-53300905e4bf
-8919061.19970001,2994541.7426,86,1912350041270,123550,South Park (Triangle),1 Golden Beach Dr,Golden Beach,33160,305-932-0744, ,Community/Neighborhood,0.71067966815,Local,Fully Developed,Golden Beach,25.96334,-80.12129,944876.593188662,593335.586664326,BEE9F658-3AB7-4140-BE64-C409D53C77CF,2021/10/21 15:23:25+00,GoldenBeachPark,2024/01/31 09:47:15+00,e304239@miamidade.gov_MDC,PROSM,2024/01/31 10:03:21+00,PROSM,2024/03/05 07:28:11+00,10b0d6c1-1e4e-44ca-9cdd-3a2ebbb23011
-8937071.19150001,2956307.2916,87,0351180050480,511850,Coral Bay Park,"1590 CAMPAMENTO AVE, CORAL GABLES, 33156",Coral Gables,33156,305-460-5620,Fabian Rodriguez,Community/Neighborhood,2,Local,Fully Development,Coral Gables,25.65414,-80.28308,892327.123326381,480640.967674529,321C3AED-8B0E-48A4-BBF0-93A3BF865254,2021/10/21 15:23:25+00,CoralGablesPark,2024/05/08 14:39:31+00,CoralGablesPark,PROSM,2024/01/31 10:03:36+00,PROSM,2024/05/14 15:56:43+00,c1c7c863-6c9f-4891-8398-5aa58d1201fa
-8930595.44260001,2993121.0563,88,3421020000030,210202,Norwood Park,19401 NW 14th Ave,Miami Gardens,33169,305-622-8080, ,Community/Neighborhood,5,Local,Fully Developed,Miami Gardens,25.95187,-80.22491,910856.543446746,588949.686643489,965746E9-2C32-4675-BE10-885D44DDD157,2021/10/21 15:23:25+00,MiamiGardensPark,2024/01/31 09:47:15+00,e304239@miamidade.gov_MDC,PROSM,2024/01/31 10:03:12+00,PROSM,2024/03/05 07:27:56+00,dc531f2f-4974-458e-8390-cb4b708af537
-8927876.04260001,2970740.9655,89,0102020701010,410151,Jose Marti Park - Pool,380 SW 3rd St,Miami,33130,305-575-2103,MAURO BERMUDES,Community/Neighborhood,3.72664913679,Local,Fully Developed,Miami,25.77096,-80.20047,919284.186040245,523242.68551182,FEA23796-45BC-49BE-9CB3-DFC741B38C65,2021/10/21 15:23:25+00,MiamiPark,2024/01/31 09:47:15+00,e304239@miamidade.gov_MDC,PROSM,2024/01/31 10:03:40+00,PROSM,2024/03/05 07:28:43+00,8fefd9b3-9921-496d-ad46-dabc1bf9e23a
-8943378.89870001,2988214.2075,90,3220220031460,202205,ML Tax Dist.- (p-68),8560 Menteith Ter / Dunbarton Pl,Miami Lakes,33016,305-698-9308, ,Mini Park,1,Local,Open Space,Miami Lakes,25.91222,-80.33975,873194.141409494,574334.703734405,29FCF0CB-743C-4035-B7EE-3913DC5DEA42,2021/10/21 15:23:25+00,MiamiLakesPark,2024/01/31 09:47:15+00,e304239@miamidade.gov_MDC,PROSM,2024/01/31 10:03:44+00,PROSM,2024/03/05 07:28:48+00,a0cbecc6-af7e-49cb-83cf-7a5ecaf21405
-8939527.30340001,2986948.1476,91,3220240032800,202407,ML Tax Dist.- (p-08),14105 Lake Childs Court,Miami Lakes,33014,305-698-9308, ,Mini Park,1,Local,Undeveloped,Miami Lakes,25.90199,-80.30514,884586.971642163,570675.11984624,67C201FF-FC63-4399-9370-BDAF73FCBA7D,2021/10/21 15:23:25+00,MiamiLakesPark,2024/01/31 09:47:15+00,e304239@miamidade.gov_MDC,PROSM,2024/01/31 10:03:27+00,PROSM,2024/03/05 07:28:21+00,ad797c10-11da-4836-938c-5114cf10046e
-8928814.66820001,2972675.7763,92,0131350193620,313550,Highland Circle Park,NW 8th Ave & NW 13th St,Miami,33136, 305-960-2946, ,Mini Park,0,Local,Fully Developed,Miami,25.78661,-80.2089,916475.078469496,528914.534732409,8E18D80B-7586-4C1A-B63A-E4D4DDFFA6D3,2021/10/21 15:23:25+00,MiamiPark,2024/01/31 09:47:15+00,e304239@miamidade.gov_MDC,PROSM,2024/01/31 10:03:05+00,PROSM,2024/03/05 07:27:45+00,fcf72142-4fdb-4d74-b2fa-b10d24181264
-8940441.07940001,2989273.352,93,3220140041960,201403,ML Tax Dist..- (p-03) Loch Lomond,6900 Gleneagle Dr,Miami Lakes,33014,305-698-9308, ,Mini Park,0,Local,Undeveloped,Miami Lakes,25.92078,-80.31335,881852.740562078,577489.675770909,307F26EA-E16F-4C1F-A04F-A7ACF2754A75,2021/10/21 15:23:25+00,MiamiLakesPark,2024/01/31 09:47:15+00,e304239@miamidade.gov_MDC,PROSM,2024/01/31 10:03:32+00,PROSM,2024/03/05 07:28:30+00,cc1b4f4e-b86a-4bc2-9982-d6281eb70ded
-8934524.09410001,2965332.7857,94,0341200250090,,Lola B. Walker Pioneers' Park,"200 GRAND AVE, CORAL GABLES, 33133",Coral Gables,33133,305-460-5620,Fabio Rodriguez,Neighborhood Park,0.19,Local,Undeveloped,Coral Gables,25.7272,-80.2602,899719.111599001,507223.634433363,DEF954A0-0936-41CD-9204-A4C48923DD77,2021/10/21 15:23:25+00,CoralGablesPark,2024/05/13 12:17:57+00,CoralGablesPark,PROSM,2024/01/31 10:03:07+00,PROSM,2024/05/14 15:56:45+00,d59084a0-d53a-46f2-a356-e7f1f1dd16a7
-8926228.31590001,2975699.9652,95,0132190440020,321950,Martell Park,NE 36th St & NE 7th Ave,Miami,33137,305-960-2946, ,Mini Park,1,Local,Fully Developed,Miami,25.81107,-80.18567,924065.366438497,537851.195992909,5F690228-8BFC-4A6A-BC0C-9B73C8A1E346,2021/10/21 15:23:25+00,MiamiPark,2024/01/31 09:47:15+00,e304239@miamidade.gov_MDC,PROSM,2024/01/31 10:03:21+00,PROSM,2024/03/05 07:28:11+00,b1db6688-7e7e-4be8-a791-044509fa25ae
-8934163.80940001,2968396.6626,96,0341080073830,,Pittman Park,"115 MERRICK WAY, CORAL GABLES, 33134",Coral Gables,33134,305-460-5620,,Neighborhood Park,0.11,Local,Open Space,Coral Gables,25.75199,-80.25697,900636.497906571,516151.873133017,A11B0E2D-0EB9-4BC8-A1FA-6D478771971C,2021/10/21 15:23:25+00,CoralGablesPark,2024/05/23 17:47:27+00,E327883@miamidade.gov_MDC,PROSM,2024/01/31 10:03:18+00,PROSM,2024/05/29 07:42:53+00,ee9b740e-2b8c-4bf7-9241-2542ebf1dd6f
-8938916.77850001,2954108.219,97,0350240021500,,Marlin Park ,"6540 MARLIN DR, CORAL GABLES, 33158",Coral Gables,33158,305-460-5620,Fabio Rodriguez,Neighborhood Park,0.43,Local,Open Space,Coral Gables,25.63633,-80.29966,886899.311539811,474139.621942055,563E987B-2951-4648-A625-95D69E35407F,2021/10/21 15:23:25+00,CoralGablesPark,2024/05/13 12:34:17+00,CoralGablesPark,PROSM,2024/01/31 10:03:02+00,PROSM,2024/05/14 15:56:46+00,636d3a70-3467-4b1f-9da3-960a0fab6be5
-8940789.82910001,2988840.5175,98,3220140041950,201402,ML Tax Dist.- (p-02) Loch Lomond,Berwick Way & S Prestwick Pl,Miami Lakes,33014,305-698-9308, ,Mini Park,0,Local,Undeveloped,Miami Lakes,25.91728,-80.31648,880829.641886495,576213.206539072,A22E869B-14EF-40B3-AE9F-AFA8914F91C0,2021/10/21 15:23:25+00,MiamiLakesPark,2024/01/31 09:47:15+00,e304239@miamidade.gov_MDC,PROSM,2024/01/31 10:03:38+00,PROSM,2024/03/05 07:28:39+00,b215d074-dc24-46c3-93e6-31fd54cd7499
-8924724.79820001,2990926.4762,99, ,220853,Schreiber Tot Lot,NE 172nd St & South Glades Drive,North Miami Beach,33162,305-948-2957, ,Mini Park,0,Local,Undeveloped,North Miami Beach,25.93414,-80.17217,928226.821698245,582612.201943159,ED0735EA-A1C6-4DA2-A8AC-9F93014CACB1,2021/10/21 15:23:25+00,NorthMiamiBeachPark,2024/01/31 09:47:15+00,e304239@miamidade.gov_MDC,PROSM,2024/01/31 10:03:32+00,PROSM,2024/03/05 07:28:29+00,e579f1c9-3e32-425e-83a9-0a17047996d1
-8930858.01490001,2992183.0094,100,3421020000071,210203,Rolling Oaks Park,18701 NW 17th Ave,Miami Gardens,33169,305-622-8080, ,Community/Neighborhood,33,Local,Fully Developed,Miami Gardens,25.94429,-80.22726,910097.713599578,586191.01663591,9A250024-CC29-4C47-B9BF-F12444023A95,2021/10/21 15:23:25+00,MiamiGardensPark,2024/01/31 09:47:15+00,e304239@miamidade.gov_MDC,PROSM,2024/01/31 10:03:14+00,PROSM,2024/03/05 07:27:59+00,8266b624-1f1d-450a-b677-820606a03e2c
-8930956.62540001,2991255.97,101,3421110071250,211101,Scott Park,17710 NW 15th Ct,Miami Gardens,33169,305-622-8080, ,Community/Neighborhood,9,Local,Fully Developed,Miami Gardens,25.9368,-80.22815,909822.649189077,583467.358041242,39E8458E-0775-41B2-85A8-5A70F402A9FC,2021/10/21 15:23:25+00,MiamiGardensPark,2024/01/31 09:47:15+00,e304239@miamidade.gov_MDC,PROSM,2024/01/31 10:03:22+00,PROSM,2024/03/05 07:28:12+00,80c7e529-49b5-4cca-bdb9-5e72d1c539ca
-8921060.70320001,2985062.8918,102,1322270014520, ,Bay Harbor Islands Tot Lot,9600 W Broadview Dr,Bay Harbor Islands,33154,305-866-6241,,Community/Neighborhood,0.91592132104,Local,Open Space,Bay Harbor Islands,25.88676,-80.13925,939157.605938997,565460.901272073,B6EDB552-2773-498C-A5A6-CB7B079956EF,2021/10/21 15:23:25+00,BayHarborIslandsPark,2024/01/31 09:47:15+00,e304239@miamidade.gov_MDC,PROSM,2024/01/31 10:03:30+00,PROSM,2024/03/05 07:28:26+00,6c4de74f-c966-4554-a4b3-d595c2b67602
-8932729.69710001,2965606.0176,103,0141210320009,412156,Kirk Munroe Tennis Center Park,3120 Oak Ave,Miami,33133,305-461-6806, ,Community/Neighborhood,1.96133707838,Local,Fully Developed,Miami,25.72941,-80.24407,905021.469158914,508057.077431656,BB90AF3B-D2E2-4C90-950A-4A72EFBF3A2F,2021/10/21 15:23:25+00,MiamiPark,2024/01/31 09:47:15+00,e304239@miamidade.gov_MDC,PROSM,2024/01/31 10:03:25+00,PROSM,2024/03/05 07:28:17+00,a36e77b0-50cc-40c4-b882-b35c4013b2c5
-8945501.64300001,2979643.8317,104,3530080000050,,Doral Glades Park,"7600 NW 98TH PL, DORAL, FL, 33178",Doral,33178,305-593-6638,,Community/Neighborhood,25,Local,Fully Development,Doral,25.84296,-80.35882,867049.013619573,549126.967376334,114BF189-8E75-4C08-A8B0-563E1FBE26DE,2021/10/21 15:23:25+00,DoralPark,2024/01/31 09:47:15+00,e304239@miamidade.gov_MDC,PROSM,2024/01/31 10:03:00+00,PROSM,2024/03/05 07:27:37+00,a8db60f4-9b1b-4ab2-8193-02dba4b96fc4
-8926919.12460001,2990468.4435,105,0722070000750,220751,Uleta Neighborhood Resource Center,16880 NE 4th Ave,North Miami Beach,33162,305-652-3658, ,Community/Neighborhood,1,Local,Fully Developed,North Miami Beach,25.93044,-80.19188,921756.702748746,581226.790343903,36F9F63D-121C-4E2E-AAC3-77C3C978F94E,2021/10/21 15:23:25+00,NorthMiamiBeachPark,2024/01/31 09:47:15+00,e304239@miamidade.gov_MDC,PROSM,2024/01/31 10:03:32+00,PROSM,2024/03/05 07:28:30+00,374fb7dc-ce5e-42f1-8dff-f93c1ab4345c
-8940113.69010001,2989399.0292,106,3220140101460,201409,ML Tax Dist.- (p-52),6700 Loch Ness Dr,Miami Lakes,33014,305-698-9308, ,Mini Park,1,Local,Undeveloped,Miami Lakes,25.9218,-80.3104,882817.457136579,577863.815114491,C36651FD-54ED-4A89-A433-29D14211C99F,2021/10/21 15:23:25+00,MiamiLakesPark,2024/01/31 09:47:15+00,e304239@miamidade.gov_MDC,PROSM,2024/01/31 10:03:13+00,PROSM,2024/03/05 07:27:57+00,02efc63a-03ee-446c-b69b-f1ad17dca720
-8940297.09500001,2987303.4339,107,3220230032680,202305,ML Tax Dist..- (p-19),14416 Mahogany Ct,Miami Lakes,33014,305-698-9308, ,Mini Park,0,Local,Undeveloped,Miami Lakes,25.90487,-80.31205,882308.22980858,571706.62664149,051B029A-1F7B-4560-BC00-868A8C58D3D7,2021/10/21 15:23:25+00,MiamiLakesPark,2024/01/31 09:47:15+00,e304239@miamidade.gov_MDC,PROSM,2024/01/31 10:03:10+00,PROSM,2024/03/05 07:27:53+00,3fa063fb-4fb9-4b37-a170-55704222818b
-8919996.19690001,2974800.9243,108,0232270000092,322752,Scott Rakow Youth Center,2700 Sheridan Ave,Miami Beach,33140,305-673-7700,305-673-7767,Neighborhood Park,2,Local,Fully Developed,Miami Beach,25.8038,-80.12969,942501.37910708,535326.398877159,34567B90-5E9B-4FF8-A8EA-E69960FFA275,2021/10/21 15:23:25+00,MiamiBeachPark,2024/01/31 09:47:15+00,e304239@miamidade.gov_MDC,PROSM,2024/01/31 10:03:05+00,PROSM,2024/03/05 07:27:45+00,a22ae944-0240-4efa-b592-356f34bb7b9a
-8924438.51580001,2988733.209,109,0722170181410,221750,Washington Park Community Center NMB,15290 NE 15th Ct,North Miami Beach,33162,305-948-2943, ,Community/Neighborhood,2,Local,Fully Developed,North Miami Beach,25.91642,-80.16959,929112.842235912,576176.876559243,235BA0F4-05A9-42FB-BC50-E64ED6E1F0C0,2021/10/21 15:23:25+00,NorthMiamiBeachPark,2024/01/31 09:47:15+00,e304239@miamidade.gov_MDC,PROSM,2024/01/31 10:03:24+00,PROSM,2024/03/05 07:28:16+00,f705abe7-7608-4b24-81d3-f93ebb66fd8f
-8921064.30380001,2994144.9587,110, ,ITD58,Don Soffer Exercise Trail,19999 W Country Club Dr,Aventura,33180,305-466-8970, ,Single Purpose Park,0,Local,Fully Developed,Aventura,25.96014,-80.13928,938971.80381716,592131.459807493,C7BAC8EF-CC8A-4CE1-ABCB-2F57D7D2F6B0,2021/10/21 15:23:25+00,AventuraPark,2024/01/31 09:47:15+00,e304239@miamidade.gov_MDC,PROSM,2024/01/31 10:03:12+00,PROSM,2024/03/05 07:27:56+00,fd867617-24d2-4c6e-971a-d3758f02792b
-8935413.00180001,2984262.7876,111,0421320010020,213250,Hialeah Junior High School Park,5987 E 7th Ave,Hialeah,33013,305-626-3677, ,Community/Neighborhood,13.01638443701,Local,Fully Developed,Hialeah,25.88029,-80.26818,896780.928225327,562853.333324492,B14CF420-8D21-4153-80EA-8B39F463670B,2021/10/21 15:23:25+00,HialeahPark,2024/01/31 09:47:15+00,e304239@miamidade.gov_MDC,PROSM,2024/01/31 10:03:31+00,PROSM,2024/03/05 07:28:27+00,f3acfaed-20b8-4138-b3a6-59d501cf0225
-8927918.75170001,2973168.4256,112,0131360640020,313650,Town Park,1600 NW 3rd Ave,Miami,33136,305-960-2946, ,Mini Park,8,Local,Fully Developed,Miami,25.79059,-80.20087,919114.62371533,530378.860871993,7532C50E-2765-421B-B9BB-73E740F26B9A,2021/10/21 15:23:25+00,MiamiPark,2024/01/31 09:47:15+00,e304239@miamidade.gov_MDC,PROSM,2024/01/31 10:03:12+00,PROSM,2024/03/05 07:27:56+00,230f66f2-51ea-4535-9768-a83a6392e06a
-8940594.19020001,2988202.0873,113,3220230210831,202332,"ML Tax Dist.- Tract ""A""",Greentree Ln (Circle),Miami Lakes,33014,305-698-9308, ,Mini Park,0,Local,Undeveloped,Miami Lakes,25.91213,-80.31472,881417.107903164,574341.303458743,4AB6B870-3843-46BD-890F-0F6D42D19503,2021/10/21 15:23:25+00,MiamiLakesPark,2024/01/31 09:47:15+00,e304239@miamidade.gov_MDC,PROSM,2024/01/31 10:03:24+00,PROSM,2024/03/05 07:28:15+00,6d181bce-94cf-4cf2-9618-dd03497002a7
-8937462.56670001,2983977.7301,114,0421310050020,213150,O'Quinn Park,6051 W 2nd Ave,Hialeah,33012,305-824-5715,William Sanchez,Neighborhood Park,5,Local,Fully Developed,Hialeah,25.87799,-80.28659,890731.786124162,561982.607703738,0937DC74-5CE3-4C4C-A207-995A0C8989C2,2021/10/21 15:23:25+00,HialeahPark,2024/01/31 09:47:15+00,e304239@miamidade.gov_MDC,PROSM,2024/01/31 10:03:35+00,PROSM,2024/03/05 07:28:34+00,2e12cfb0-ad9a-4067-a032-3c1eabe4727b
-8927215.50430001,2971099.3893,115,0101120301040,410153,Paul S Walker Park,46 W Flagler St,Miami,33130,305-960-2946, ,Special Activity Park,0,Local,Fully Developed,Miami,25.77386,-80.19454,921230.557803661,524308.448800243,978A40ED-4D17-473F-BBE2-A8953BEBE4F3,2021/10/21 15:23:25+00,MiamiPark,2024/01/31 09:47:15+00,e304239@miamidade.gov_MDC,PROSM,2024/01/31 10:03:19+00,PROSM,2024/03/05 07:28:07+00,a8d205c7-f6db-4a81-b531-4ecd7a55ecac
-8926260.24150001,2973623.6107,116,0132310010021,323150,Margaret Pace Park,1745 N Bayshore Dr,Miami,33132,305-860-3823, ,Community/Neighborhood,11,Local,Fully Developed,Miami,25.79427,-80.18596,924008.761564828,531747.046783909,DA96D44C-437A-4948-80AB-1C71F981005A,2021/10/21 15:23:25+00,MiamiPark,2024/01/31 09:47:15+00,e304239@miamidade.gov_MDC,PROSM,2024/01/31 10:03:14+00,PROSM,2024/03/05 07:27:59+00,691d11cd-0482-4613-928a-212975a7534d
-8958740.61570001,2933662.0205,117,1078130190030,ITD11,Losner Park,104 N. Krome Avenue,Homestead,33030,305-224-4570, ,Community/Neighborhood,1,Local,Fully Developed,Homestead,25.47062,-80.47773,828468.245625246,413629.539581075,01B96107-AC96-4344-BFA6-2CC737A5D671,2014/03/25 23:00:30+00,HomesteadPark,2024/01/31 09:47:15+00,e304239@miamidade.gov_MDC,PROSM,2024/01/31 10:03:40+00,PROSM,2024/03/05 07:28:43+00,e58fc8a3-9b78-4582-bbf9-dfe31fa1cefd
-8939264.96120001,2987584.238,118,3220240081170,202412,ML Tax Dist.- (p-14),6315 S Miami Lakeway,Miami Lakes,33014,305-698-9308, ,Mini Park,0,Local,Undeveloped,Miami Lakes,25.90713,-80.30278,885351.761451162,572547.439920492,D15A2A43-C0CF-4E2F-B894-8BF92E78E01E,2021/10/21 15:23:25+00,MiamiLakesPark,2024/01/31 09:47:15+00,e304239@miamidade.gov_MDC,PROSM,2024/01/31 10:03:43+00,PROSM,2024/03/05 07:28:46+00,29f97e1c-fe52-43ec-8bca-55deac263b21
-8940915.62170001,2986625.2165,119,3220230090040,202333,"ML Tax Dist.- Lot ""D""",Leaning Pine Dr / Bamboo St,Miami Lakes,33014,305-698-9308, ,Mini Park,1,Local,Undeveloped,Miami Lakes,25.89938,-80.31761,880492.071367413,569705.110631406,BA290455-B63B-443A-9BDA-199FD0A8FBE4,2021/10/21 15:23:25+00,MiamiLakesPark,2024/01/31 09:47:15+00,e304239@miamidade.gov_MDC,PROSM,2024/01/31 10:03:07+00,PROSM,2024/03/05 07:27:48+00,90055801-8125-44a0-a201-520104560945
-8923213.11280001,2960625.1209,120,2452040020092,ITD50,East Enid Linear Park,695 Ocean Dr,Village Of Key Biscayne,33149,305-365-8900, ,Community/Neighborhood,0,Local,Linear Park,Village Of Key Biscayne,25.68909,-80.15858,933259.406121247,493574.364271156,8C47B7DF-597E-482C-BB70-DBFF9AC65EA9,2021/10/21 15:23:25+00,KeyBiscaynePark,2024/01/31 09:47:15+00,e304239@miamidade.gov_MDC,PROSM,2024/01/31 10:03:18+00,PROSM,2024/03/05 07:28:06+00,c50db679-da7f-44d8-bfbc-440e1bda4479
-8927397.96900001,2973374.4552,121,0131250481120,410352,Dorsey Park,1775 NW 1st Ave,Miami,33136,305-579-6940,RICHARD DEMERIT,Community/Neighborhood,3,Local,Fully Developed,Miami,25.79226,-80.19618,920650.313229244,530993.921977825,1C865D87-D179-49FA-A304-5AB1F4C70EA9,2021/10/21 15:23:25+00,MiamiPark,2024/01/31 09:47:15+00,e304239@miamidade.gov_MDC,PROSM,2024/01/31 10:03:04+00,PROSM,2024/03/05 07:27:44+00,9f72b04f-d32d-4352-9397-3cd78f796142
-8959339.88590001,2932944.4805,122,1078130440300,791353,Ernestine Jackson Seymore Park,522 SW 3rd Ter,Homestead,33030,305-224-4570, ,Mini Park,0,Local,Undeveloped,Homestead,25.4648,-80.48312,826700.397454914,411507.612722576,5742992D-8985-4B6E-8717-23796460D322,2021/10/21 15:23:25+00,HomesteadPark,2024/01/31 09:47:15+00,e304239@miamidade.gov_MDC,PROSM,2024/01/31 10:03:05+00,PROSM,2024/03/05 07:27:45+00,518c8351-a80b-4796-a8e2-7f7b2c270400
-8936490.56030001,2967818.4905,123,0341180011810,411854,Salvadore Park Tennis Center,"1120 ANDALUSIA AVE, CORAL GABLES, 33134",Coral Gables,33134,305-460-5620,Fabio Rodriguez,Community/Neighborhood,4,Local,Open Space,Coral Gables,25.74732,-80.27786,893788.872107544,514519.436663077,27F1D3FA-26EB-4996-B96F-C957583B33B4,2021/10/21 15:23:25+00,CoralGablesPark,2024/05/07 14:45:24+00,CoralGablesPark,PROSM,2024/01/31 10:03:35+00,PROSM,2024/05/08 09:13:34+00,170932ae-cf70-4c8c-a475-fed0e455be73
-8942703.35370001,2988172.7328,124,3220220031450,202203,ML Tax Dist.- (p-66),15132 Menteith Pl,Miami Lakes,33016,305-698-9308, ,Mini Park,0,Local,Undeveloped,Miami Lakes,25.91189,-80.33367,875189.529807162,574222.991687492,E9644E83-F4E5-4042-A5C3-C30558E7A821,2021/10/21 15:23:25+00,MiamiLakesPark,2024/01/31 09:47:15+00,e304239@miamidade.gov_MDC,PROSM,2024/01/31 10:03:21+00,PROSM,2024/03/05 07:28:11+00,9d716e12-8ae8-4126-b32c-61ac97f3c9a5
-8936901.62270001,2976960.2663,125, ,311951,Circle Park,Westward Dr & Curtiss Pkwy,Miami Springs,33166,305-805-5075,305-805-5075,Metropolitan Park,1,Local,Undeveloped,Miami Springs,25.82126,-80.28155,892489.896453079,541373.884157486,EC94C880-D230-49F4-82C4-088F9FA1E804,2021/10/21 15:23:25+00,MiamiSpringsPark,2024/01/31 09:47:15+00,e304239@miamidade.gov_MDC,PROSM,2024/01/31 10:03:04+00,PROSM,2024/03/05 07:27:43+00,add39019-cd92-4761-b10d-c1ae98875a55
-8943317.32600001,2982697.1267,126,2730040040052,300353,Bernie Wilson Park/ Brothers to the Rescue,NW 87th Ave & W Okeechobee Rd,Hialeah Gardens,33016,305-558-2331, ,Mini Park,0,Local,Fully Developed,Hialeah Gardens,25.86764,-80.33918,873457.569688413,558129.956288323,E8D46721-6CA2-4FB8-A4E3-5CD0FE6C09E7,2021/10/21 15:23:25+00,HialeahGardensPark,2024/01/31 09:47:15+00,e304239@miamidade.gov_MDC,PROSM,2024/01/31 10:03:08+00,PROSM,2024/03/05 07:27:50+00,0a90b651-cddc-4918-9087-d75bb1b83e7c
-8939199.18940001,2988089.0149,127,3220240220680,202420,ML Tax Dist.- (p-59),15210 Durnford Dr,Miami Lakes,33014,305-698-9308, ,Mini Park,0,Local,Undeveloped,Miami Lakes,25.91121,-80.30219,885538.093755662,574030.95466999,6942A7F5-57F9-436D-B2F2-2CA694AB06C5,2021/10/21 15:23:25+00,MiamiLakesPark,2024/01/31 09:47:15+00,e304239@miamidade.gov_MDC,PROSM,2024/01/31 10:03:23+00,PROSM,2024/03/05 07:28:15+00,2ab06c81-7f9b-4638-a462-a8b9d897a8af
-8939199.35650001,2975427.6474,128,2630250010300,302550,Virginia Gardens Parks and Community Center,6550 NW 38th Ter,Virginia Gardens,33166,305-871-6104, ,Community/Neighborhood,2.84412413583,Local,Fully Developed,Virginia Gardens,25.80886,-80.30219,885735.225579247,536830.499215409,10B51510-A79D-4E0E-8F22-A9B2F77AF99D,2021/10/21 15:23:25+00,VirginiaGardensPark,2024/01/31 09:47:15+00,e304239@miamidade.gov_MDC,PROSM,2024/01/31 10:03:18+00,PROSM,2024/03/05 07:28:05+00,be035372-e73c-4ff8-a7b9-2bd2ef2bbd59
-8937440.39380001,2968676.9043,129,0341070170010,411851,Country Club Prado,"1820 COUNTRY CLUB PRADO, CORAL GABLES, 33134",Coral Gables,33134,305-460-5620,Fabio Rodriguez,Neighborhood Park,1,Local,Fully Developed,Coral Gables,25.75426,-80.28639,890884.748389024,517049.437665261,87B1859B-B4EC-474D-BA4C-E74E679F6AE2,2021/10/21 15:23:25+00,CoralGablesPark,2024/05/08 15:13:22+00,CoralGablesPark,PROSM,2024/01/31 10:03:10+00,PROSM,2024/05/14 15:56:44+00,fb37f4d8-27a5-4327-9f73-329e5999b445
-8923328.22490001,2989737.8684,130,0722160120350,ITD35,Barry Silverman Park,2017 NE 161st St,North Miami Beach,33162,305-948-2957, ,Community/Neighborhood,2.29999999999,Local,Fully Developed,North Miami Beach,25.92454,-80.15962,932372.389194496,579148.141942158,FEDCB4DA-BFF9-4554-B481-8D83BBEABA6F,2021/10/21 15:23:25+00,NorthMiamiBeachPark,2024/01/31 09:47:15+00,e304239@miamidade.gov_MDC,PROSM,2024/01/31 10:03:45+00,PROSM,2024/03/05 07:28:49+00,c4b531fc-eb43-4879-bf9d-a00e0d33cd06
-8925649.82280001,2980038.4407,131,0132070380390,320753,Belle Meade Mini Park,775 NE 77th St,Miami,33138,305-960-2946, ,Mini Park,0,Local,Fully Developed,Miami,25.84615,-80.18047,925695.587587494,550612.275457576,58FE7C99-6106-40A7-BEED-E669421A4EAB,2021/10/21 15:23:25+00,MiamiPark,2024/01/31 09:47:15+00,e304239@miamidade.gov_MDC,PROSM,2024/01/31 10:03:39+00,PROSM,2024/03/05 07:28:40+00,d35e1ba1-1bb6-4e47-a6dd-651b786c9670
-8934750.95080001,2976054.0139,132,0431200100700,312050,Southeast Park,1015 SE 9th Ave,Hialeah,33010,305-883-8024,William Sanchez,Neighborhood Park,2,Local,Fully Developed,Hialeah,25.81393,-80.26223,898871.814135414,538743.295586653,22D01398-10B6-4AFA-8F7E-BB179FBFEC1A,2021/10/21 15:23:25+00,HialeahPark,2024/01/31 09:47:15+00,e304239@miamidade.gov_MDC,PROSM,2024/01/31 10:03:13+00,PROSM,2024/03/05 07:27:59+00,3c3706d3-729e-4e74-87b4-9dc29a977ca2
-8940616.41630001,2988344.9356,133,3220140070740,202323,ML Tax Dist.- (p-40),7014 Crown Gate Pl,Miami Lakes,33014,305-698-9308, ,Mini Park,0,Local,Undeveloped,Miami Lakes,25.91328,-80.31492,881349.285532247,574760.479457654,101ABC4A-9F7A-4CA0-90C5-723D9A829492,2021/10/21 15:23:25+00,MiamiLakesPark,2024/01/31 09:47:15+00,e304239@miamidade.gov_MDC,PROSM,2024/01/31 10:03:33+00,PROSM,2024/03/05 07:28:31+00,668b0de6-24e6-4e20-a425-a5416f7146d6
-8936122.58650001,2967960.4632,134,0341180010740,,Robert J. Fewell Park,"950 CORAL WAY, CORAL GABLES, 33134",Coral Gables,33134,305-460-5620,Fabio Rodriguez,Neighborhood Park,0.63,Local,Open Space,Coral Gables,25.74847,-80.27456,895085.685414036,514922.842499618,6F9E4915-B2C9-4B48-AC89-1FE404656D06,2021/10/21 15:23:25+00,CoralGablesPark,2024/05/23 17:47:56+00,E327883@miamidade.gov_MDC,PROSM,2024/01/31 10:03:39+00,PROSM,2024/05/29 07:42:53+00,bccfb176-6535-4d4b-b32a-3dc150d65aa9
-8941096.64120001,2987541.3563,135,3220230081590,202317,ML Tax Dist.- (p-32),Big Cypress Ct & Twin Sabal Dr,Miami Lakes,33014,305-698-9308, ,Mini Park,1,Local,Undeveloped,Miami Lakes,25.90679,-80.31923,879943.525548495,572393.079008743,846018D5-0843-43FF-B061-1CB42C3C1231,2021/10/21 15:23:25+00,MiamiLakesPark,2024/01/31 09:47:15+00,e304239@miamidade.gov_MDC,PROSM,2024/01/31 10:03:17+00,PROSM,2024/03/05 07:28:04+00,e74ce4c0-4ebd-4322-982f-b55c8af60d93
-8932515.84980001,2966156.8507,136,0141210190030,411651,Blanche Park,3045 Shipping Ave,Miami,33133,305-960-2946, ,Specialized,0.88,Local,Fully Developed,Miami,25.73387,-80.24215,905644.598161995,509680.850430824,C1695892-8757-44D6-B754-34F98FFFEE98,2021/10/21 15:23:25+00,MiamiPark,2024/01/31 09:47:15+00,e304239@miamidade.gov_MDC,PROSM,2024/01/31 10:03:26+00,PROSM,2024/03/05 07:28:19+00,df2b3b06-9707-40ff-9bf8-504b8ee24323
-8924593.46870001,2982194.9665,137,1132050100250,320652,North Bayshore Park Miami Shores,N Bayshore Dr / NE 95th St,Miami Shores,33138,305-758-8103, ,Mini Park,0,Local,Undeveloped,Miami Shores,25.86358,-80.17098,928776.644417495,556968.349687658,08400ABB-044F-4532-BAA0-25FEE5F832E7,2021/10/21 15:23:25+00,MiamiShoresPark,2024/01/31 09:47:15+00,e304239@miamidade.gov_MDC,PROSM,2024/01/31 10:03:38+00,PROSM,2024/03/05 07:28:39+00,973cc4be-6386-470c-9672-1818f93780d2
-8922105.33550001,2987457.2956,138,0622210000030,222152,North Miami Interama Property,15000 Bay Vista Blvd,North Miami,33181,305-895-9840, ,District,107.47727218205,Local,Undeveloped,North Miami,25.90611,-80.14863,936026.590875577,572473.815395825,07F75498-E808-418A-83C3-B73CEB5B24BC,2021/10/21 15:23:25+00,NorthMiamiPark,2024/01/31 09:47:15+00,e304239@miamidade.gov_MDC,PROSM,2024/01/31 10:03:21+00,PROSM,2024/03/05 07:28:11+00,16bb2dee-c0e7-4067-a767-a4e1d95a1974
-8924423.40920001,2977352.9033,139, ,322050,Morningside Picnic Islands,3 Spoil Island Banks Off Morningsid,Miami,33140,305-795-1834, ,Special Activity Park,4,Area-Wide,Undeveloped,Miami,25.82443,-80.16946,929368.935883828,542742.848611154,94FC6EC9-78D9-4498-8331-9B821501E475,2021/10/21 15:23:25+00,MiamiPark,2024/01/31 09:47:15+00,e304239@miamidade.gov_MDC,PROSM,2024/01/31 10:03:12+00,PROSM,2024/03/05 07:27:57+00,2226d9ef-2797-485d-8f36-4db59a10997a
-8936111.06470001,2968554.9466,140,0341080015090,,Coral Gables Golf & Country Club,"997 N GREENWAY DR, CORAL GABLES, 33134",Coral Gables,33134,305-460-5600,Fabio Rodriguez,Community Park,3.21,Local,Development,Coral Gables,25.75328,-80.27445,894974.411490773,516674.290184733,340EDA9B-2E16-4B20-8FF8-A16BAA7BF257,2024/05/03 11:38:49+00,CoralGablesPark,2024/05/08 14:46:59+00,CoralGablesPark,PROSM,2024/05/03 21:00:23+00,PROSM,2024/05/14 15:56:43+00,917a4495-3614-4051-91fc-8bc2d4a50e24
-8928875.12150001,2975695.1061,141,0131230460020,312352,Moore Park/Ashe-Buchholz Tennis Ctr,765 NW 36th St,Miami,33127,305-960-5166,KIM SANDS,Community/Neighborhood,17,Local,Fully Developed,Miami,25.81103,-80.20945,916243.076308828,537789.209896408,0FB877CC-634A-47C6-8F2A-42C9FA442D21,2021/10/21 15:23:25+00,MiamiPark,2024/01/31 09:47:15+00,e304239@miamidade.gov_MDC,PROSM,2024/01/31 10:03:37+00,PROSM,2024/03/05 07:28:37+00,01c6246b-eed6-4d5e-972a-e8fa2bd657a0
-8943992.47650001,2951860.4134,142,3350280000410,502801,Perrine Wayside (Dog) Park,16425 S Dixie Hwy,Palmetto Bay,33157,305-259-1234,305-259-1234,Community Park,3,Local,Fully Developed,Palmetto Bay,25.61812,-80.34525,871913.358866081,467430.822726324,EA87CB7C-6343-4473-BE54-DE197B426216,2021/10/21 15:23:25+00,PalmettoBayPark,2024/01/31 09:47:15+00,e304239@miamidade.gov_MDC,PROSM,2024/01/31 10:03:03+00,PROSM,2024/03/05 07:27:42+00,20377697-64b6-4117-a681-80868e478eed
-8934552.53720001,2973158.9587,143,0131320000080,313251,Melreese Golf Course,1802 NW 37th Ave,Miami,33125,305-633-4583, ,Special Activity Park,133,Area-Wide,Fully Developed,Miami,25.79052,-80.26046,899506.000859164,530236.46614366,5ACBDA16-E6BD-4319-808D-C7B8D1304D1E,2021/10/21 15:23:25+00,MiamiPark,2024/01/31 09:47:15+00,e304239@miamidade.gov_MDC,PROSM,2024/01/31 10:03:09+00,PROSM,2024/03/05 07:27:51+00,beb5bf0e-00c6-490c-a7d6-fd66a7ff1ffd
-8940408.03270001,2988622.9887,144,3220140070750,201404,ML Tax Dist.- (p-41),15520 Turnberry Dr,Miami Lakes,33014,305-698-9308, ,Mini Park,0,Local,Undeveloped,Miami Lakes,25.91553,-80.31305,881960.324336413,575580.277686827,BEFCD885-73C2-4523-BB93-7B9CCBA54238,2021/10/21 15:23:25+00,MiamiLakesPark,2024/01/31 09:47:15+00,e304239@miamidade.gov_MDC,PROSM,2024/01/31 10:03:37+00,PROSM,2024/03/05 07:28:37+00,987cecde-6dbb-4aed-be33-f74ecef681ac
-8941177.8668,2987924.9948,145,3220230150530,202324,ML Tax Dist.- (p-42),15017 Coconut Court,Miami Lakes,33014,305-698-9308, ,Mini Park,0,Local,Undeveloped,Miami Lakes,25.90989,-80.31996,879697.825252496,573518.549526826,4ABDEB2A-754E-4512-95C4-1A649B0A4176,2021/10/21 15:23:25+00,MiamiLakesPark,2024/01/31 09:47:15+00,e304239@miamidade.gov_MDC,PROSM,2024/01/31 10:03:24+00,PROSM,2024/03/05 07:28:16+00,15ce2fda-ffad-46be-9321-363b8192622c
-8920682.3154,2974728.9998,146,0232270000100,322754,Miami Beach Golf Club,2301 Alton Rd,Miami Beach,33140,305-532-3350,305-532-3350,Special Activity Park,144,Area-Wide,Fully Developed,Miami Beach,25.80321,-80.13586,940474.866099745,535101.610284738,D7275B86-0583-4561-9DD0-74D86941ACC4,2021/10/21 15:23:25+00,MiamiBeachPark,2024/01/31 09:47:15+00,e304239@miamidade.gov_MDC,PROSM,2024/01/31 10:03:41+00,PROSM,2024/03/05 07:28:44+00,ea70f51e-3615-4211-b91a-19ba060aa4c9
-8924221.09680001,2990226.255,147,0722170030440,221751,Senator Gwen Margolis Amphitheater,16501 NE 16th Ave,North Miami Beach,33162,305-948-2957, ,Special Activity,2.75887974877,Local,Fully Developed,North Miami Beach,25.92848,-80.16765,929726.989301577,580565.481955238,00497441-5F09-49FE-81D3-1A27D0A88638,2021/10/21 15:23:25+00,NorthMiamiBeachPark,2024/01/31 09:47:15+00,e304239@miamidade.gov_MDC,PROSM,2024/01/31 10:03:31+00,PROSM,2024/03/05 07:28:28+00,65500394-bba0-47fc-b138-fee62010e0be
-8925263.3399,2974126.7737,148, ,323050,Pace Park Picnic Islands,N Of Venitian Way /NE Of Margaret Pace Park,Miami,33140,305-960-2946, ,Special Activity Park,4,Area-Wide,Undeveloped,Miami,25.79834,-80.17701,926946.183183413,533244.522791572,7ED6A027-2986-4EED-80EB-C47C6B6E7B5D,2021/10/21 15:23:25+00,MiamiPark,2024/01/31 09:47:15+00,e304239@miamidade.gov_MDC,PROSM,2024/01/31 10:03:38+00,PROSM,2024/03/05 07:28:40+00,79c97ec8-3f87-4a0e-8a79-0387874c1cb5
-8932139.3826,2993864.014,149,3411340150010, ,Hard Rock Stadium,347 Don Shula Dr,Miami Gardens,33056,305-622-8080,,Special Activity,143.27997288956,Local,Fully Developed,Miami Gardens,25.95787,-80.23877,906354.647594914,591018.900680907,B0748612-DE72-4D21-BFE3-FAC289A369A8,2021/10/21 15:23:25+00,MiamiGardensPark,2024/01/31 09:47:15+00,e304239@miamidade.gov_MDC,PROSM,2024/01/31 10:03:08+00,PROSM,2024/03/05 07:27:49+00,b2eddd06-e61b-4a76-b8da-efc3f7b8d325
-8929703.2216,2985333.6631,150,0621260167300,212654,Thomas Sasso Pool and Water Playground,1100 NW 125th St,North Miami,33168,305-681-0701, ,Community/Neighborhood,1.33496031377,Local,Fully Developed,North Miami,25.88895,-80.2169,913626.920451913,566096.39901682,BC126DEA-AB83-442C-8817-D9B955346510,2021/10/21 15:23:25+00,NorthMiamiPark,2024/01/31 09:47:15+00,e304239@miamidade.gov_MDC,PROSM,2024/01/31 10:03:34+00,PROSM,2024/03/05 07:28:32+00,adeb8173-e47a-476d-b74a-56dccd28a8f2
-8936426.6426,2966990.8048,151,0341180062280,411850,William H. Kerdyk Biltmore Tennis Center,"1150 ANASTASIA AVE, CORAL GABLES, 33134",Coral Gables,33134,305-460-5620,Fabio Rodriguez,Single Purpose Park,5,Local,Fully Developed,Coral Gables,25.74062,-80.27729,894293.745711874,512124.704534419,3A7D46BD-A47B-43DC-8428-BC4DCCDE9DC5,2021/10/21 15:23:25+00,CoralGablesPark,2024/05/08 11:19:10+00,CoralGablesPark,PROSM,2024/01/31 10:03:16+00,PROSM,2024/05/14 15:56:42+00,f3abc2c0-a67d-432e-8799-d37811b36d1c
-8939760.9589,2989167.8582,152,3220130010250,201306,Miami Lakes Park,6411 NW 162nd St,Miami Lakes,33014,305-698-9308,305-558-0382,Community/Neighborhood,29,Local,Fully Developed,Miami Lakes,25.91993,-80.30724,883862.520007078,577190.446710572,21F38096-7FA6-4861-A5B2-14AF1CE6F81D,2021/10/21 15:23:25+00,MiamiLakesPark,2024/01/31 09:47:15+00,e304239@miamidade.gov_MDC,PROSM,2024/01/31 10:03:11+00,PROSM,2024/03/05 07:27:55+00,9f1a7889-ad7d-43ee-8349-8610100cb533
-8937545.7832,2958185.1108,153,2050120080053,ITD30,Pinecrest Community Center,5855 SW 111th St,Pinecrest,33156,305.284.0900, ,Community/Neighborhood,0.34,Local,Fully Developed,Pinecrest,25.66934,-80.28734,890896.159811161,486145.290546656,0043D6EA-B97B-4E54-A0B4-7197C8E0EF68,2021/10/21 15:23:25+00,PinecrestPark,2024/01/31 09:47:15+00,e304239@miamidade.gov_MDC,PROSM,2024/01/31 10:03:42+00,PROSM,2024/03/05 07:28:44+00,2acd8134-f1e7-4feb-b310-80a03fc0776f
-8937709.3535,2977835.4017,154,0531180130010,311852,Ludlam Drive Boat Ramp,N Royal Poincia Blvd & Albatross St,Miami Springs,33166,305-805-5075,,Special Activity,0.96398313888,Area-Wide,Fully Developed,Miami Springs,25.82833,-80.28881,890100.544932578,543930.765854739,7EAA39ED-841E-4AB5-A9E1-9A3B0583447E,2021/10/21 15:23:25+00,MiamiSpringsPark,2024/01/31 09:47:15+00,e304239@miamidade.gov_MDC,PROSM,2024/01/31 10:03:05+00,PROSM,2024/03/05 07:27:45+00,0ff50c6c-0c8a-43e1-82d7-6d119fa93e54
-8921008.3999,2981477.1539,155,0232030000040,321051,Normandy Shores Golf Course,200 Fairway Dr,Miami Beach,33141,305-868-6502,305-868-6502,Special Activity Park,118,Area-Wide,Fully Developed,Miami Beach,25.85778,-80.13878,939381.187840912,554927.44891382,99707E7B-B851-4E86-9644-F350DC4A5481,2021/10/21 15:23:25+00,MiamiBeachPark,2024/01/31 09:47:15+00,e304239@miamidade.gov_MDC,PROSM,2024/01/31 10:03:43+00,PROSM,2024/03/05 07:28:46+00,855c7374-0490-4110-b21a-121ef0638e0c
-8920170.3015,2974669.0153,156,0232270000100,322753,Bayshore Municipal Golf Course Par 3,2300 Pine Tree Dr ,Miami Beach,33140,305-673-7730, ,Special Activity Park,22,Area-Wide,Fully Developed,Miami Beach,25.80273,-80.13125,941989.352243997,534935.243491493,81DA9E54-D108-476E-A753-976C164B645E,2021/10/21 15:23:25+00,MiamiBeachPark,2024/01/31 09:47:15+00,e304239@miamidade.gov_MDC,PROSM,2024/01/31 10:03:20+00,PROSM,2024/03/05 07:28:09+00,7887e9bb-d665-41cb-ba11-d47ce707e149
-8920885.0855,2992891.0614,157,2822030000330, ,Peace Park Tennis Court,3200 NE 188th St,Aventura,33180,305-466-0183,,Community/Neighborhood,1.16911349031,Local,Fully Developed,Aventura,25.95001,-80.13767,939525.056647662,588453.686651237,F7E63746-3CC3-4054-B3EA-DFA2824B6393,2021/10/21 15:23:25+00,AventuraPark,2024/01/31 09:47:15+00,e304239@miamidade.gov_MDC,PROSM,2024/01/31 10:03:14+00,PROSM,2024/03/05 07:27:59+00,db961cd1-4779-4728-b807-5eaf563942bc
-8948402.6044,2977740.082,158,3530180040010,301801,Doral Meadow Park,11555 NW 58th St,Doral,33178,305-593-6606,305-593-6600,Community/Neighborhood,14,Local,Fully Developed,Doral,25.82756,-80.38488,858504.19113066,543491.291011907,D2CA5CF6-2294-43DE-ADDB-C8289D2718AF,2021/10/21 15:23:25+00,DoralPark,2024/01/31 09:47:15+00,e304239@miamidade.gov_MDC,PROSM,2024/01/31 10:03:45+00,PROSM,2024/03/05 07:28:48+00,e646316e-92c9-4afb-9a6f-5b1a1326fadf
-8931796.3894,2988887.7597,159,3421150036540,211501,Bunche Park and Pool,15727 NW 22nd Ave,Miami Gardens,33054,305-622-8080, ,Community/Neighborhood,9,Local,Fully Developed,Miami Gardens,25.91767,-80.2357,907384.010693662,576498.596716322,C24BA757-D9ED-4B62-965D-FDD3803F28C0,2021/10/21 15:23:25+00,MiamiGardensPark,2024/01/31 09:47:15+00,e304239@miamidade.gov_MDC,PROSM,2024/01/31 10:03:28+00,PROSM,2024/03/05 07:28:22+00,6049b295-00f9-4fcd-8bb6-e159f5577645
-8940921.6194,2986671.0084,160,3220230050730,202309,ML Tax Dist..- (p-24),7235 Bamboo St,Miami Lakes,33014,305-698-9308, ,Mini Park,0,Local,Undeveloped,Miami Lakes,25.89975,-80.31766,880473.659330744,569839.515546322,B46A31CD-D303-4DDA-9626-9147340F9F54,2021/10/21 15:23:25+00,MiamiLakesPark,2024/01/31 09:47:15+00,e304239@miamidade.gov_MDC,PROSM,2024/01/31 10:03:42+00,PROSM,2024/03/05 07:28:45+00,552c223b-a831-41ec-93dd-fd53b94ac503
-8935977.904,2966910.5264,161,0341180050470,,Durango Park,"3405 DURANGO ST, CORAL GABLES, 33134",Coral Gables,33134,305-460-5620,Fabian Rodriguez,Neighborhood Park,0.05,Local,Open Space,Coral Gables,25.73997,-80.27326,895268.918407858,511834.174218009,548B7599-0287-444F-9462-66AE0B4C86EA,2021/10/21 15:23:25+00,CoralGablesPark,2024/05/23 17:30:57+00,E327883@miamidade.gov_MDC,PROSM,2024/01/31 10:03:37+00,PROSM,2024/05/29 07:42:51+00,0bb7dae0-763c-4cf0-bd11-aabd8731cb45
-8931516.5872,2971109.6824,162,0141030333270,410353,Glen Royal Park Triangle,NW 23rd Ave & NW Flagler Ter,Miami,33125,305-960-2946, ,Mini-Park,0.1842026314,Local,Fully Developed,Miami,25.77394,-80.23318,908515.012040578,524262.847841576,009772A5-87AC-4E25-8570-3773D6CB4D85,2021/10/21 15:23:25+00,MiamiPark,2024/01/31 09:47:15+00,e304239@miamidade.gov_MDC,PROSM,2024/01/31 10:03:04+00,PROSM,2024/03/05 07:27:43+00,72b6b9f5-9755-4969-b43e-64311063a2f5
-8959506.918,2934629.848,163,1078120020150,790752,Wittkop Park,505 NW 9th St,Homestead,33030,305-224-4570, ,Community/Neighborhood,4,Local,Fully Developed,Homestead,25.47847,-80.48463,826186.124533329,416473.27634766,B56B8E28-18CE-41EC-80C4-6C5D27FB369C,2021/10/21 15:23:25+00,HomesteadPark,2024/01/31 09:47:15+00,e304239@miamidade.gov_MDC,PROSM,2024/01/31 10:03:44+00,PROSM,2024/03/05 07:28:47+00,24f0c706-0cc0-4c17-a0e2-3b1af05c02ff
-8919317.9873,2992199.4167,164,3122110190010,ITD26,Pelican Community Park,18115 N Bay Rd,Sunny Isles Beach,33160,305-792-1706, ,Community/Neighborhood,2,Local,Fully Developed,Sunny Isles Beach,25.94442,-80.12359,944164.685819827,586453.700493738,593C23C8-DF32-4DFF-A26C-FDE9B1EC6414,2021/10/21 15:23:25+00,SunnyIslesBeachPark,2024/01/31 09:47:15+00,e304239@miamidade.gov_MDC,PROSM,2024/01/31 10:03:21+00,PROSM,2024/03/05 07:28:11+00,ae17dadd-a064-4967-8cac-9e98b3a2bbf6
-8930288.0699,2971565.8654,165,0141020056850,410350,Miami Tridents RFC Park,1680 NW 5 St,Miami,33125,305-389-6736, ,Community/Neighborhood,2.62398246901,Local,Fully Developed,Miami,25.77763,-80.22214,912138.970999997,525625.405155823,00E542C8-47AB-46D3-B4A8-3DC85BFD39CB,2021/10/21 15:23:25+00,MiamiPark,2024/01/31 09:47:15+00,e304239@miamidade.gov_MDC,PROSM,2024/01/31 10:03:35+00,PROSM,2024/03/05 07:28:35+00,91605746-ef54-4f03-880f-37934a0122fa
-8945150.3961,2947192.4627,166,3660080110460,600802,Cutler Ridge Park and Pool,10100 SW 200th St,Cutler Bay,33157,305-238-4166, ,Community/Neighborhood,13,Local,Fully Developed,Cutler Bay,25.5803,-80.35565,868552.575889494,453669.538897239,E6050F97-33E9-4A59-A83E-1E0F9AF5F609,2021/10/21 15:23:25+00,CutlerBayPark,2024/01/31 09:47:15+00,e304239@miamidade.gov_MDC,PROSM,2024/01/31 10:03:15+00,PROSM,2024/03/05 07:28:01+00,444cb0fe-16fc-417a-a237-5da839b797dd
-8919811.7009,2981691.2817,167,0232020150020,ITD14,Unnamed Park Miami Beach,Wayne Ave / Bruce St,Miami Beach,33141,305-673-7730, ,Mini Park,0,Local,Fully Developed,Miami Beach,25.85951,-80.12803,942912.385830995,555579.926283404,D855E213-2380-4BB7-A055-78FF59A6E091,2021/10/21 15:23:25+00,MiamiBeachPark,2024/01/31 09:47:15+00,e304239@miamidade.gov_MDC,PROSM,2024/01/31 10:03:11+00,PROSM,2024/03/05 07:27:55+00,31177d49-7f7b-4185-bbf6-9d08f07b60bc
-8935271.4235,2995046.5858,168,3411320090270,113201,Vista Verde Park,21001 NW 39th Ave,Miami Gardens,33055,305-622-8080, ,Community/Neighborhood,12,Local,Fully Developed,Miami Gardens,25.96742,-80.26691,897021.957270827,594522.92287232,87509D21-A4FD-4DD4-A824-5942F4D91BC2,2021/10/21 15:23:25+00,MiamiGardensPark,2024/01/31 09:47:15+00,e304239@miamidade.gov_MDC,PROSM,2024/01/31 10:03:10+00,PROSM,2024/03/05 07:27:52+00,63fe3d3d-b079-4703-b007-19886f0813f2
-8927870.7919,2970595.2197,169,0102020701010,410151,Jose Marti Park,362 SW 4th St,Miami,33130,305-960-2945,MAURO BERMUDES,Community/Neighborhood,6,Local,Mini-Park,Miami,25.76978,-80.20043,919302.309363578,522814.237549827,5DA19C2F-EA68-4641-A0DB-92D013AF4BC1,2021/10/21 15:23:25+00,MiamiPark,2024/01/31 09:47:15+00,e304239@miamidade.gov_MDC,PROSM,2024/01/31 10:03:42+00,PROSM,2024/03/05 07:28:45+00,8ab4934d-169f-4037-8175-2cffa61afbdd
-8931984.3015,2987345.5001,170,0821220000060,212250,Segal Park,2331 NW 143rd St,Opa Locka,33054,305-953-2842, ,Community/Neighborhood,2,Local,Fully Developed,Opa Locka,25.90521,-80.23738,906855.502236247,571965.940427326,42035B67-F500-4C51-A1D1-2E6545AAC5FF,2021/10/21 15:23:25+00,OpaLockaPark,2024/01/31 09:47:15+00,e304239@miamidade.gov_MDC,PROSM,2024/01/31 10:03:15+00,PROSM,2024/03/05 07:28:00+00,faeb0e32-d63e-429c-9da7-edd9578d6350
-8935528.2595,2963684.786,171,,,Mall Street Median ,"900 MATANZAS AVE, CORAL GABLES, 33146",Coral Gables,33146,305-460-5620,Fabio Rodriguez,Neighborhood Park,0,Local,Green Line,Coral Gables,25.71386,-80.26922,896688.684082382,502269.560176795,F3C477D3-5AEC-4691-8C6C-63254A1C3FAA,2021/10/21 15:23:25+00,CoralGablesPark,2024/05/13 13:06:47+00,CoralGablesPark,PROSM,2024/01/31 10:03:21+00,PROSM,2024/05/14 15:56:47+00,dcfc0723-20ea-434d-bcf9-26b1ae2ff61d
-8934027.6648,2970685.2756,172,0341050500200,,Gateway Park Coral Gables,"142 SW 37TH AVE, CORAL GABLES, 33134",Coral Gables,33134,305-460-5620,Fabio Rodriguez,Community Park,0.33,Local,Open Space,Coral Gables,25.77051,-80.25574,901097.935043723,522971.559606394,46387D42-A8CF-46B5-8738-37B3C2F4B6BA,2023/07/14 18:26:49+00,CoralGablesPark,2024/05/13 10:57:10+00,CoralGablesPark,PROSM,2024/01/31 10:03:00+00,PROSM,2024/05/14 15:56:45+00,f9873d03-15a3-40fe-8e49-79f8dda0d877
-8931082.9825,2966795.3244,173,0141150330050,411550,Silver Bluff Park,2901 SW 22nd Ave,Miami,33133,305-960-2946, ,Mini Park,0,Local,Fully Developed,Miami,25.73903,-80.22928,909871.046073914,511583.243607655,C7354953-6427-44A4-B083-0257D64EA18A,2021/10/21 15:23:25+00,MiamiPark,2024/01/31 09:47:15+00,e304239@miamidade.gov_MDC,PROSM,2024/01/31 10:03:28+00,PROSM,2024/03/05 07:28:23+00,4e1bec41-dcd5-46c4-a2f5-adef91b08c99
-8937751.9067,2976050.3176,174,0531190000050,220,Miami Springs Golf and Country Club,650 Curtiss Pkwy,Miami Springs,33166,305-805-5180, ,Special Activity - Golf,174.93519403937,Area-Wide,Fully Developed,Miami Springs,25.8139,-80.2892,890003.154379331,538683.609682404,86300FF5-D3FF-4651-9C36-B70E2C361EB4,2021/10/21 15:23:25+00,MiamiPark,2024/01/31 09:47:15+00,e304239@miamidade.gov_MDC,PROSM,2024/01/31 10:03:14+00,PROSM,2024/03/05 07:28:00+00,18b1a2d6-3172-4be5-9f13-6175bc97687e
-8935838.8931,2975852.6705,175,0531200000350,312052,Charles B Stafford Park,489 East Dr,Miami Springs,33166,305-805-5075, ,Community Park,12,Local,Fully Developed,Miami Springs,25.8123,-80.27201,895659.89109733,538133.584207654,55A4E5C2-EB43-4B9D-A83E-0AAA711365C8,2021/10/21 15:23:25+00,MiamiSpringsPark,2024/01/31 09:47:15+00,e304239@miamidade.gov_MDC,PROSM,2024/01/31 10:03:29+00,PROSM,2024/03/05 07:28:24+00,d5f5c437-2c92-48e9-abab-c700fe824050
-8924477.7684,2990607.4016,176,0722080060390,220950,Snake Creek Linear Park,S Glades Dr / NE 15th Ave,North Miami Beach,33162,305-948-2957, ,Greenway,6,Area-Wide,Fully Developed,North Miami Beach,25.93156,-80.16995,928962.077117495,581679.89245607,EC21BB75-F803-4CC2-B1F3-AA4C31411FAF,2021/10/21 15:23:25+00,NorthMiamiBeachPark,2024/01/31 09:47:15+00,e304239@miamidade.gov_MDC,PROSM,2024/01/31 10:03:28+00,PROSM,2024/03/05 07:28:22+00,66232afe-c92c-4954-8826-ff3f760450ff
-8935712.1373,2990954.364,177,3421080103520,210801,A. J. King Park,4230 NW 178th St,Miami Gardens,33055,305-622-8080, ,Community/Neighborhood,6,Local,Fully Developed,Miami Gardens,25.93436,-80.27087,895788.108360577,582501.324212156,C771B327-D386-434B-B39A-E570E5947654,2021/10/21 15:23:25+00,MiamiGardensPark,2024/01/31 09:47:15+00,e304239@miamidade.gov_MDC,PROSM,2024/01/31 10:03:07+00,PROSM,2024/03/05 07:27:48+00,604768b5-6681-4597-8353-75445b4f3331
-8935773.6836,2977745.9589,178,0431170000060,311750,Benny Babcock Park & Pool,651 E 4th Ave,Hialeah,33010,395-883-8025,Kenneth Soler,Neighborhood Park,18,Local,Fully Developed,Hialeah,25.82761,-80.27143,895821.786770914,543699.213824406,D864A1F6-DDE9-4F9D-9363-0F85F26BF07D,2021/10/21 15:23:25+00,HialeahPark,2024/01/31 09:47:15+00,e304239@miamidade.gov_MDC,PROSM,2024/01/31 10:03:04+00,PROSM,2024/03/05 07:27:44+00,f2c51168-6969-4c8c-bbe5-f8d7fa946b7c
-8959633.0762,2930911.6257,179,1678240090150,782451,Community Center,616 W Palm Dr,Florida City,33034,305-247-8221, ,Community/Neighborhood,2,Local,Fully Developed,Florida City,25.44831,-80.48575,825854.548424829,405511.720842987,52815FBF-DA19-48A2-B534-4C5D699AB4FF,2021/10/21 15:23:25+00,FloridaCityPark,2024/01/31 09:47:15+00,e304239@miamidade.gov_MDC,PROSM,2024/01/31 10:03:44+00,PROSM,2024/03/05 07:28:47+00,22c03dc3-0227-41c9-97a2-4bfae22a66d2
-8939364.3412,2986781.631,180,3220240032750,202403,ML Tax Dist.- (p-04),6434 Lake Patricia Dr,Miami Lakes,33014,305-698-9308, ,Mini Park,0,Local,Undeveloped,Miami Lakes,25.90065,-80.30367,885070.811225664,570188.596869156,AEB88343-3575-441E-A4A7-96C63EF80E12,2021/10/21 15:23:25+00,MiamiLakesPark,2024/01/31 09:47:15+00,e304239@miamidade.gov_MDC,PROSM,2024/01/31 10:03:43+00,PROSM,2024/03/05 07:28:46+00,2b68c1be-9b74-4fc8-8ad8-33b1b70898d6
-8919215.1401,2989878.2857,181,3122140080200, ,Intracoastal Park,16100  Collins Ave,Sunny Isles Beach,33160,305-792-1706,,Mini-Park - Linear Park ,2.44978050929,Local,Open Space,Sunny Isles Beach,25.92567,-80.12267,944513.949885078,579640.082231238,E8DF2541-8A00-48F0-9098-DFA4F4129D57,2021/10/21 15:23:25+00,SunnyIslesBeachPark,2024/01/31 09:47:15+00,e304239@miamidade.gov_MDC,PROSM,2024/01/31 10:03:39+00,PROSM,2024/03/05 07:28:40+00,fb90731a-4fd6-46e6-a1da-35f08b6b882d
-8939671.9639,2987784.7859,182,3220240140870,202417,ML Tax Dist.- (p-46),15088 SW 154th St,Miami Lakes,33014,305-698-9308, ,Mini Park,0,Local,Undeveloped,Miami Lakes,25.90875,-80.30644,884146.779609162,573130.06211482,97728C62-6DFE-43A9-8322-9FE28535F7B5,2021/10/21 15:23:25+00,MiamiLakesPark,2024/01/31 09:47:15+00,e304239@miamidade.gov_MDC,PROSM,2024/01/31 10:03:42+00,PROSM,2024/03/05 07:28:45+00,29cbab85-fe83-4f48-acc8-d72e5c293c45
-8919096.8765,2980028.1785,183,0232110070730,321152,Brittany Bay Park,6444 Indian Creek Dr,Miami Beach,33141,305-673-7730,305-673-7730,Community/Neighborhood,3,Local,Undeveloped,Miami Beach,25.84606,-80.12161,945056.815597247,550707.193246737,08DE3409-A35D-4FA2-A3A4-AF9DFAC44F03,2021/10/21 15:23:25+00,MiamiBeachPark,2024/01/31 09:47:15+00,e304239@miamidade.gov_MDC,PROSM,2024/01/31 10:03:35+00,PROSM,2024/03/05 07:28:35+00,99e07017-89ca-45c1-9434-d389564fa21e
-8919885.149,2981213.7744,184, ,321053,Normandy Isle Monument,71St St / Bay Dr,Miami Beach,33141,305-673-7730,305-993-2021,Mini Park,0,Local,Fully Developed,Miami Beach,25.85565,-80.1287,942704.70940908,554175.453698657,E91F125C-D059-4927-AD58-0652A7C23840,2021/10/21 15:23:25+00,MiamiBeachPark,2024/01/31 09:47:15+00,e304239@miamidade.gov_MDC,PROSM,2024/01/31 10:03:07+00,PROSM,2024/03/05 07:27:48+00,8fb9a271-5184-4530-af29-733b9b10c415
-8933282.3024,2992313.6179,185,3421040010390,210400,Brentwood Pool,18800 NW 28th Pl,Miami Gardens,33056,305-622-8080, ,Community/Neighborhood,4,Local,Fully Developed,Miami Gardens,25.94534,-80.24904,902938.847667996,586532.854862988,B7D3B560-2074-4D74-8B9A-D05BD480CC1C,2021/10/21 15:23:25+00,MiamiGardensPark,2024/01/31 09:47:15+00,e304239@miamidade.gov_MDC,PROSM,2024/01/31 10:03:13+00,PROSM,2024/03/05 07:27:57+00,6b30df05-e3d7-41fc-9b25-b398388cfe9c
-8931325.6701,2988153.6512,186,0821220031680,212252,Washington Tot-Lot - Opa Locka,James St / Washington Ave,Opa Locka,33054,305-953-3042, ,Mini Park,0,Local,Undeveloped,Opa Locka,25.91174,-80.23146,908786.559397746,574350.795237653,9C6136D2-49AC-4542-B5A3-5E9F9A6260E3,2021/10/21 15:23:25+00,OpaLockaPark,2024/01/31 09:47:15+00,e304239@miamidade.gov_MDC,PROSM,2024/01/31 10:03:37+00,PROSM,2024/03/05 07:28:37+00,781dd806-fb7d-48fe-a3c9-228cb58ee17f
-8934333.5956,2967652.5086,187,0341170055380,ITD52,Fred B. Hartnett Ponce Circle Park,"2810 PONCE DE LEON BLVD, CORAL GABLES, FL, 33134",Coral Gables,33134,305-984-8443,305-460-5620,Neighborhood Park,1.36,Local,Undeveloped,Coral Gables,25.74597,-80.25849,899979.498389359,514033.5308697,A95ED8EB-492B-43FE-95B5-4F92B8BCFD5A,2021/10/21 15:23:25+00,CoralGablesPark,2024/05/23 17:35:22+00,E327883@miamidade.gov_MDC,PROSM,2024/01/31 10:03:10+00,PROSM,2024/05/29 07:42:52+00,fe2949b1-af3d-404b-a992-b0f2c398c605
-8922040.0772,2979977.8748,188,2332090140200,ETSD44,Galleon Street Tot Lot - Town park,1851 Galleon St,North Bay Village,33141,305-756-7171,,Mini-Park-Tot Lots,0.31853646778,Local,Undeveloped,North Bay Village,25.84566,-80.14805,936361.902868997,550502.126071571,E4963420-1361-4C70-8188-B09E31B1685E,2021/10/21 15:23:25+00,NorthBayVillagePark,2024/01/31 09:47:15+00,e304239@miamidade.gov_MDC,PROSM,2024/01/31 10:03:01+00,PROSM,2024/03/05 07:27:39+00,a12b4594-bbcb-47a5-9050-4d05e9be3fe3
-8934498.7658,2963375.4914,189,0141290000150,412953,Merrie Christmas Park,4355 SW 42nd Ave,Miami,33133,305-960-2946, ,Community/Neighborhood,5,Local,Fully Developed,Miami,25.71136,-80.25997,899826.400480829,501466.261873156,1BEE5469-BE20-43D3-91FD-DD54551D15AD,2021/10/21 15:23:25+00,MiamiPark,2024/01/31 09:47:15+00,e304239@miamidade.gov_MDC,PROSM,2024/01/31 10:03:22+00,PROSM,2024/03/05 07:28:12+00,da22a0a1-eb54-416e-8833-003b0c1776b6
-8936197.0623,2976825.5562,190,0431190010620,311953,Ken Mattingly Park,Circle Dr & Pen Na Na Dr,Hialeah,33010,305-687-2650,Kenneth Soler,Mini Park,2,Local,Fully Developed,Hialeah,25.82017,-80.27522,894585.626513578,540987.235324487,E44AA9EB-25AD-44E2-AB1B-124BE59EEFA3,2021/10/21 15:23:25+00,HialeahPark,2024/01/31 09:47:15+00,e304239@miamidade.gov_MDC,PROSM,2024/01/31 10:03:37+00,PROSM,2024/03/05 07:28:38+00,cc5e6a7b-d88c-4de4-b7bd-2a9b53e73d59
-8940662.0653,2989591.043,191,3220140101450,201408,ML Tax Dist.- (p-51),6970 Loch Ness Dr,Miami Lakes,33014,305-698-9308, ,Mini Park,1,Local,Undeveloped,Miami Lakes,25.92335,-80.31533,881195.378359746,578419.188347571,81A04599-3791-4FD1-B140-47379D81A083,2021/10/21 15:23:25+00,MiamiLakesPark,2024/01/31 09:47:15+00,e304239@miamidade.gov_MDC,PROSM,2024/01/31 10:03:37+00,PROSM,2024/03/05 07:28:38+00,14620637-09b2-4a3e-bb04-0aa2aea5a413
-8941224.0759,2946703.3763,192,3660100101020,601000,Saga Bay Park,8000 SW 205th St,Cutler Bay,33189,305-238-4166, ,Community/Neighborhood,5,Local,Fully Developed,Cutler Bay,25.57634,-80.32038,880185.973226327,452287.202094987,940C37E5-6D19-4B79-AD9F-54DD6B1EE127,2021/10/21 15:23:25+00,CutlerBayPark,2024/01/31 09:47:15+00,e304239@miamidade.gov_MDC,PROSM,2024/01/31 10:03:34+00,PROSM,2024/03/05 07:28:32+00,c83e3109-570a-4d87-a612-bd7b0b80a22b
-8919736.5612,2985030.5488,193,1422350072610,222650,96th Street Park & Surfside Park,9572 Bay Dr,Surfside,33154,305-861-4863, ,Community/Neighborhood,0.98935731062,Local,Fully Developed,Surfside,25.8865,-80.12736,943069.158811413,565391.723588906,ED19602A-C83D-4ACD-800F-7897FA81EBD3,2021/10/21 15:23:25+00,SurfsidePark,2024/01/31 09:47:15+00,e304239@miamidade.gov_MDC,PROSM,2024/01/31 10:03:26+00,PROSM,2024/03/05 07:28:18+00,e2bf61b1-39cd-46cc-81e6-a33217cda189
-8935964.9409,2967694.0126,194,,,Lamar Louise Curry Park,"2665 DE SOTO BLVD, CORAL GABLES, 33134",Coral Gables,33134,305-460-5620,Fabio Rodriguez,Neighborhood Park,0.14,Local,Open Space,Coral Gables,25.74631,-80.27314,895432.622876486,514299.312158293,BDD49844-3CCB-46E4-863E-F7EE49558407,2023/08/25 16:56:44+00,CoralGablesPark,2024/05/23 17:40:46+00,E327883@miamidade.gov_MDC,PROSM,2024/01/31 10:03:46+00,PROSM,2024/05/29 07:42:52+00,1dc1acf7-c068-4255-9da7-c1d1626d3482
-8940506.137,2988248.4677,195,3220230210850,202331,ML Tax Dist.- (p-63),15250 E Loch Isle Dr,Miami Lakes,33014,305-698-9308, ,Mini Park,0,Local,Undeveloped,Miami Lakes,25.9125,-80.31393,881676.402332079,574478.874377824,B45FC5A7-B06A-45ED-B151-BAEDC914C197,2021/10/21 15:23:25+00,MiamiLakesPark,2024/01/31 09:47:15+00,e304239@miamidade.gov_MDC,PROSM,2024/01/31 10:03:33+00,PROSM,2024/03/05 07:28:30+00,ef594c3f-b832-4b40-a215-ec35f400d7dd
-8931224.435,2973086.0964,196,0131340740020,ITD12,Allapattah Mini Park,2175 NW N River Dr,Miami,33125,305-960-3009, ,Mini Park,0.2,Local,Fully Developed,Miami,25.78993,-80.23055,909344.761037245,530078.628204741,DDC1DFE9-15BF-48B1-90A2-3B550219D9AF,2021/10/21 15:23:25+00,MiamiPark,2024/01/31 09:47:15+00,e304239@miamidade.gov_MDC,PROSM,2024/01/31 10:03:12+00,PROSM,2024/03/05 07:27:56+00,3c2934ea-68cb-4817-bf41-a33373eaf541
-8924075.0152,2966793.1667,197,3042170000100, ,MAST Academy Field,3979 Rickenbacker Cswy,Village Of Key Biscayne,33149,305-365-8900,,Community/Neighborhood,11.13109526263,Local,Fully Developed,Village Of Key Biscayne,25.73902,-80.16633,930594.962959331,511702.911347322,A96EBE5B-35A3-4D44-B5E8-D667510D698E,2021/10/21 15:23:25+00,VillageofKeyBiscaynePark,2024/01/31 09:47:15+00,e304239@miamidade.gov_MDC,PROSM,2024/01/31 10:03:34+00,PROSM,2024/03/05 07:28:33+00,46bb4287-caff-4300-91b6-e83d015b883a
-8919973.4459,2984551.5577,198,1322270013010, ,92nd Street Park,92nd St & E Bay Harbor Dr,Bay Harbor Islands,33154,305-866-6241,,Community/Neighborhood,0.68575518664,Local,Fully Developed,Bay Harbor Islands,25.88263,-80.12948,942378.839325912,563980.000034407,4819ECF4-8FA7-4B21-8B5C-222A6680B0D9,2021/10/21 15:23:25+00,BayHarborIslandsPark,2024/01/31 09:47:15+00,e304239@miamidade.gov_MDC,PROSM,2024/01/31 10:03:36+00,PROSM,2024/03/05 07:28:37+00,1bf982e4-082b-4a0f-81cb-c04016d28e44
-8924717.497,2989546.1431,199,0722170060490,ITD20,Unnamed Park North Miami Beach,NE 160th St & Miami Dr,North Miami Beach,33162,305-948-2957, ,Community/Neighborhood,0,Local,Undeveloped,North Miami Beach,25.92299,-80.1721,928273.988270577,578559.010902576,5D5D5BD1-A287-436D-BB1A-34AEBE0E931C,2021/10/21 15:23:25+00,NorthMiamiBeachPark,2024/01/31 09:47:15+00,e304239@miamidade.gov_MDC,PROSM,2024/01/31 10:03:19+00,PROSM,2024/03/05 07:28:08+00,c2126ee7-9b1f-4603-858a-bafe8eacb39c
-8940141.179,2987706.6992,200,3220230032640,202301,ML Tax Dist.- (p-15),14810 Palmetto Palm Ave,Miami Lakes,33014,305-698-9308, ,Mini Park,0,Local,Undeveloped,Miami Lakes,25.90812,-80.31065,882762.427390996,572893.421511993,CE5A7A0F-9D18-4CB1-BC00-0EA2DF2634C3,2021/10/21 15:23:25+00,MiamiLakesPark,2024/01/31 09:47:15+00,e304239@miamidade.gov_MDC,PROSM,2024/01/31 10:03:37+00,PROSM,2024/03/05 07:28:38+00,ce7793fc-53f7-4465-9c85-4b0edc1ef9ea
-8926380.1143,2972427.3443,201,0141370390010,323151,Bicentennial Park,1095 Biscayne Blvd,Miami,33132,305-960-2946, ,Special Activity Park,34,Local,Fully Developed,Miami,25.7846,-80.18703,923676.150353413,528227.976722322,61F1E017-0F4B-4F83-A8F8-CB32E07A160D,2021/10/21 15:23:25+00,MiamiPark,2024/01/31 09:47:15+00,e304239@miamidade.gov_MDC,PROSM,2024/01/31 10:03:35+00,PROSM,2024/03/05 07:28:35+00,4b4db471-9b2d-41d3-a762-c1c3feb6528e
-8922566.0024,2972512.5431,202,0232330000010,323352,Flagler Memorial Monument,1 Flagler Memorial Island,Miami Beach,33139,305-673-7730, ,Special Activity Park,4,Area-Wide,Fully Developed,Miami Beach,25.78529,-80.15277,934949.327610161,528549.521354823,D2D4A677-72D8-45DB-A742-8D8091D4BEED,2021/10/21 15:23:25+00,MiamiBeachPark,2024/01/31 09:47:15+00,e304239@miamidade.gov_MDC,PROSM,2024/01/31 10:03:18+00,PROSM,2024/03/05 07:28:06+00,aa2ded58-e08e-41e1-a990-4b10b7c3f21a
-8936688.9755,2965055.5981,203,0341190060841,425,Carlos S. Kakouris Park,"4935 CAMPO SANO CT, CORAL GABLES, 33146",Coral Gables,33146,305-460-5620,Fabian Rodriguez,Neighborhood Park,0.32,Local,Fully Development,Coral Gables,25.72496,-80.27964,893181.821779065,506312.306480143,DF1C8AA1-DE93-4BFD-9C45-08776E0A070C,2021/10/21 15:23:25+00,CoralGablesPark,2024/05/23 17:26:08+00,E327883@miamidade.gov_MDC,PROSM,2024/01/31 10:03:27+00,PROSM,2024/05/29 07:42:51+00,2688f75b-5d3a-4a46-8871-18837c701923
-8924430.0628,2990264.3937,204,0722170030010,220851,Harry Cohen Complex / Challenger Park,16501 NE 16th Ave,North Miami Beach,33162,305-948-2957, ,Community/Neighborhood,3,Local,Fully Developed,North Miami Beach,25.92879,-80.16953,929109.30845033,580673.560807325,42B973EE-790E-4908-978B-BC779E358858,2021/10/21 15:23:25+00,NorthMiamiBeachPark,2024/01/31 09:47:15+00,e304239@miamidade.gov_MDC,PROSM,2024/01/31 10:03:06+00,PROSM,2024/03/05 07:27:47+00,cb9199d3-442a-4ea1-a233-ab13eb670ead
-8926288.0788,2971299.0222,205,0101000000520,420651,Bayfront Park,401 Biscayne Blvd,Miami,33132,305-960-2946, ,Special Activity Park,29,Area-Wide,Fully Developed,Miami,25.77547,-80.18621,923968.706854913,524912.265177906,2366CAF7-D5BE-40A2-B6C6-448371A4BAEB,2021/10/21 15:23:25+00,MiamiPark,2024/01/31 09:47:15+00,e304239@miamidade.gov_MDC,PROSM,2024/01/31 10:03:30+00,PROSM,2024/03/05 07:28:25+00,09a7ecee-9da1-47bc-b1de-2dc2654bd201
-8942889.302,2987755.907,206,3220220101200,202216,ML Tax Dist.- (p-79),Rednock Ln / Balgowan Rd,Miami Lakes,33016,305-698-9308, ,Mini Park,0,Local,Undeveloped,Miami Lakes,25.90852,-80.33534,874646.659829911,572996.043025903,A2A52295-F899-4FEC-9C7F-06F80B1E71D5,2021/10/21 15:23:25+00,MiamiLakesPark,2024/01/31 09:47:15+00,e304239@miamidade.gov_MDC,PROSM,2024/01/31 10:03:34+00,PROSM,2024/03/05 07:28:32+00,99aa6c51-b1ad-4ca1-a343-9fe7234fb98b
-8940287.4382,2987503.642,207,3220230032650,202302,ML Tax Dist.- (p-16),14620 Palmetto Palm Ave,Miami Lakes,33014,305-698-9308, ,Mini Park,0,Local,Undeveloped,Miami Lakes,25.90648,-80.31197,882333.661516245,572294.784913987,670431D0-9FE0-4387-9F31-D86442518271,2021/10/21 15:23:25+00,MiamiLakesPark,2024/01/31 09:47:15+00,e304239@miamidade.gov_MDC,PROSM,2024/01/31 10:03:19+00,PROSM,2024/03/05 07:28:08+00,040f07b4-298b-4d2d-aade-07d529a8d394
-8919487.286,2984433.2342,208,1422350061710, ,Paws Up Dog Park,93rd St And Byron Ave,Surfside,33154,305-861-4863,,Mini-Park - Dog Park,0.09764550886,Local,Gate Green Space,Surfside,25.88167,-80.12512,943817.106134411,563641.956091076,3884AA62-2100-49D8-BF2C-8537C51CD818,2021/10/21 15:23:25+00,SurfsidePark,2024/01/31 09:47:15+00,e304239@miamidade.gov_MDC,PROSM,2024/01/31 10:03:15+00,PROSM,2024/03/05 07:28:02+00,c25f8071-6d59-4a32-8598-a7fee1393df7
-8919783.6847,2981906.1352,209,0232020020300,320253,Biscayne Elementary Park,800 77th St,Miami Beach,33141,305-673-7730, ,Mini Park,2,Local,Fully Developed,Miami Beach,25.86124,-80.12778,942990.960476995,556211.753103741,6D52B1E6-B82F-4A24-80CB-D8D94F31CDD7,2021/10/21 15:23:25+00,MiamiBeachPark,2024/01/31 09:47:15+00,e304239@miamidade.gov_MDC,PROSM,2024/01/31 10:03:28+00,PROSM,2024/03/05 07:28:22+00,9fc7d1a5-244b-4337-95f7-de69e08e3a4b
-8923373.082,2990258.9821,210, ,221652,NMB Passive Park on Canal,16675 NE 20th Ave,North Miami Beach,33162,305-948-2957, ,Mini Park,0,Local,Fully Developed,North Miami Beach,25.92875,-80.16002,932230.134885829,580677.562767826,9336134D-C42B-44D9-B5F3-54AB88B8295C,2021/10/21 15:23:25+00,NorthMiamiBeachPark,2024/01/31 09:47:15+00,e304239@miamidade.gov_MDC,PROSM,2024/01/31 10:03:07+00,PROSM,2024/03/05 07:27:47+00,29313dc9-2a00-453a-9c03-f38c256669b8
-8919886.2624,2974876.9834,211,0232260020630,322750,Fairgreen Park,300 28th St,Miami Beach,33140,305-673-7730, ,Mini Park,1,Local,Fully Developed,Miami Beach,25.80441,-80.1287,942824.823013995,535552.128084488,23AAEF56-42E4-47F2-A3BB-9A5BA87C8AB1,2021/10/21 15:23:25+00,MiamiBeachPark,2024/01/31 09:47:15+00,e304239@miamidade.gov_MDC,PROSM,2024/01/31 10:03:00+00,PROSM,2024/03/05 07:27:37+00,c4d0ff7c-9570-417f-a611-eb08210a4f59
-8927373.2223,2969221.8106,212,0141390110010,411250,Simpson Park,55 SW 17th Rd,Miami,33129,305-859-2867,,Nature,8,Area-Wide,Fully Developed,Miami,25.75867,-80.19596,920797.972710829,518784.689834654,6C2F8C52-4AF1-4381-AEA4-1342EC189799,2021/10/21 15:23:25+00,MiamiPark,2024/01/31 09:47:15+00,e304239@miamidade.gov_MDC,PROSM,2024/01/31 10:03:34+00,PROSM,2024/03/05 07:28:34+00,7ea64d10-17f4-454e-a916-e32459728c56
-8929937.2392,2976768.3647,213,0131230160020,312354,Charles Hadley (Manor) Park,1300 NW 50th St,Miami,33142,305-960-4630,HARRY REESE,Community/Neighborhood,28,Local,Fully Developed,Miami,25.81971,-80.219,913085.371338163,540925.022850491,9563FB37-17C5-493E-81DD-B238ABD04C83,2021/10/21 15:23:25+00,MiamiPark,2024/01/31 09:47:15+00,e304239@miamidade.gov_MDC,PROSM,2024/01/31 10:03:29+00,PROSM,2024/03/05 07:28:24+00,a3653cac-bec9-47f8-aeff-79a99bb34900
-8923729.1783,2960598.6205,214,2452040020092,ITD49,Lake Park,695 Ocean Dr,Village Of Key Biscayne,33149,305-365-8900, ,Community/Neighborhood,0.9,Local,Open Space,Village Of Key Biscayne,25.68888,-80.16322,931733.15064358,493486.698107906,291BFC8F-020B-4089-91AA-3A7499C0F19B,2021/10/21 15:23:25+00,KeyBiscaynePark,2024/01/31 09:47:15+00,e304239@miamidade.gov_MDC,PROSM,2024/01/31 10:03:03+00,PROSM,2024/03/05 07:27:43+00,19f7c49e-7b41-404d-9f42-87d7a0ba7a03
-8940295.9847,2988559.2294,215,3220140220030,201410,ML Tax Dist.- (p-74 East) Meadow Walk,15690 Bull Run Rd,Miami Lakes,33014,305-698-9308, ,Mini-Park-Open Space,2.25421847407,Local,Open Space,Miami Lakes,25.91501,-80.31204,882292.157662246,575394.767559156,42C75FBE-90E7-49A0-A4FD-7B1DC825F478,2021/10/21 15:23:25+00,MiamiLakesPark,2024/01/31 09:47:15+00,e304239@miamidade.gov_MDC,PROSM,2024/01/31 10:03:07+00,PROSM,2024/03/05 07:27:48+00,24e80d82-46e0-4d7f-a932-0d17448d51b5
-8940523.1969,2987493.4035,216,3220230032660,202303,ML Tax Dist.- (p-17),6976 Maple Ter,Miami Lakes,33014,305-698-9308, ,Mini Park,0,Local,Undeveloped,Miami Lakes,25.9064,-80.31408,881637.627475247,572261.067789823,9D04A6EA-03A5-4951-9C1D-C743FF534E62,2021/10/21 15:23:25+00,MiamiLakesPark,2024/01/31 09:47:15+00,e304239@miamidade.gov_MDC,PROSM,2024/01/31 10:03:31+00,PROSM,2024/03/05 07:28:28+00,31aa8c29-55de-4743-8ed4-8a26bed707d8
-8932349.3499,2965156.7747,217,0141210610010,412154,Peacock / K. Myers Park,2820 Mcfarland Rd,Miami,33133,305-443-2604, ,Community/Neighborhood,9,Local,Fully Developed,Miami,25.72577,-80.24067,906153.913088247,506742.147974908,654BA82B-3B1E-47B4-BFA9-4B1CB462B67C,2021/10/21 15:23:25+00,MiamiPark,2024/01/31 09:47:15+00,e304239@miamidade.gov_MDC,PROSM,2024/01/31 10:03:30+00,PROSM,2024/03/05 07:28:26+00,21c32d5a-7ecf-4873-bd11-860dd700232c
-8934114.5475,2965792.2429,218,0341200280010, ,Nat Winokur Park,105 S Dixie Hwy,Coral Gables,33133,305-446-6800,,Community/Neighborhood,0.39733160022,Local,Fully Development,Coral Gables,25.73092,-80.25652,900808.791560661,508661.135934822,EC89ED26-2FA0-4C15-BD08-E8B4B7D230AB,2021/10/21 15:23:25+00,CoralGablesPark,2024/01/31 09:47:15+00,e304239@miamidade.gov_MDC,PROSM,2024/01/31 10:03:23+00,PROSM,2024/03/05 07:28:14+00,e6976f42-601a-46e2-8133-4becc573612d
-8940539.8702,2985379.8944,219,0420260010726,202650,Timothy H. Artman Park,1550 W 76th St,Hialeah,33014,305-687-2650,William sanchez,Greenway Park,7,Local,Fully Developed,Hialeah,25.88932,-80.31423,881620.845028497,566053.05920849,8B0D324F-9091-4DA0-8A0E-D825654F3E71,2021/10/21 15:23:25+00,HialeahPark,2024/01/31 09:47:15+00,e304239@miamidade.gov_MDC,PROSM,2024/01/31 10:03:31+00,PROSM,2024/03/05 07:28:28+00,cc762b3d-130e-45e6-b03e-b26c6b16a431
-8939763.0289,2989464.9513,220,3220130042430,201302,ML Tax Dist.- (p-56),16331 Ravenwood Pl,Miami Lakes,33014,305-698-9308, ,Mini Park,0,Local,Undeveloped,Miami Lakes,25.92233,-80.30725,883851.796603329,578062.860976242,47EF3B9C-3951-49BC-9CBD-2171ED599C8B,2021/10/21 15:23:25+00,MiamiLakesPark,2024/01/31 09:47:15+00,e304239@miamidade.gov_MDC,PROSM,2024/01/31 10:03:31+00,PROSM,2024/03/05 07:28:28+00,712641ba-880e-4538-a11d-4984c734232d
-8920944.6235,2992383.6359,221,2822030610010,220351,Veterans Park - Aventura,18375 NE 31st Ave,Aventura,33160,305-466-0183, ,Community/Neighborhood,2.01926331083,Local,Fully Developed,Aventura,25.94591,-80.13821,939359.107832577,586962.715551823,F622E8FD-2256-4E3C-8547-8443CB902E0F,2021/10/21 15:23:25+00,AventuraPark,2024/01/31 09:47:15+00,e304239@miamidade.gov_MDC,PROSM,2024/01/31 10:03:23+00,PROSM,2024/03/05 07:28:13+00,ba7a1604-4fe0-4336-96e7-60eccaa8cfec
-8936436.6286,2968337.4083,222,,,Boy Scouts House - Troop 7,"1107 S GREENWAY DR, CORAL GABLES, 33134",Coral Gables,33134,305-460-5620,Fabian Rodriguez,Specialized,56,Local,Development,Coral Gables,25.75151,-80.27738,893997.998121158,515924.436710135,E0C2A2F8-37A3-4A98-8F0C-1D90FA09C1A5,2023/08/25 16:02:58+00,CoralGablesPark,2024/05/23 17:22:46+00,E327883@miamidade.gov_MDC,PROSM,2024/01/31 10:03:45+00,PROSM,2024/05/29 07:42:51+00,a8f1389f-703d-46ca-970d-444a50b79b27
-8933471.1383,2965760.0252,223,0141210630010,412157,Elizabeth Virrick Park,3255 Plaza St,Miami,33133,305-461-7213,WESLEY CARROLL,Community/Neighborhood,5,Local,Fully Developed,Miami,25.73065,-80.25073,902826.155964244,508497.555881403,531F6576-8287-4FEB-A074-889810F6A2F8,2021/10/21 15:23:25+00,MiamiPark,2024/01/31 09:47:15+00,e304239@miamidade.gov_MDC,PROSM,2024/01/31 10:03:27+00,PROSM,2024/03/05 07:28:21+00,1bf65d4c-3522-40ca-a37c-a08cc293c322
-8943737.4652,2984137.0028,224,2720330010070,203350,Joe Sherron Park,8889 NW 116th St,Hialeah Gardens,33018,305-558-2331, ,Community/Neighborhood,2,Local,Fully Developed,Hialeah Gardens,25.87928,-80.34297,872195.335664328,562353.745084821,1D1B270F-CFD5-46BF-BFA9-4DA606016B90,2021/10/21 15:23:25+00,HialeahGardensPark,2024/01/31 09:47:15+00,e304239@miamidade.gov_MDC,PROSM,2024/01/31 10:03:06+00,PROSM,2024/03/05 07:27:46+00,aa7c3e16-cb4f-405f-982e-5edc751ad9b0
-8922452.4167,2985322.9878,225,0622280114500,222851,North Bayshore William Lehman Park,2300 Broad Cswy,North Miami,33181,305-895-9840, ,Community/Neighborhood,1,Local,Fully Developed,North Miami,25.88886,-80.15176,935042.178474329,566198.16488941,9A96EB1B-05EF-4B44-8D2A-29517988C6D9,2021/10/21 15:23:25+00,NorthMiamiPark,2024/01/31 09:47:15+00,e304239@miamidade.gov_MDC,PROSM,2024/01/31 10:03:40+00,PROSM,2024/03/05 07:28:42+00,57cda681-8931-447f-aa3c-a3f23ccec2f6
-8928825.1641,2973023.3292,226,0131350680030,313552,Broward Circle Mini Park,NW 15th St & NW 8th Ave,Miami,33136,305-960-2946, ,Mini Park,0,Local,Fully Developed,Miami,25.78942,-80.209,916437.915486079,529936.120943821,7EC970B2-D2CB-4513-9CA2-B271F37460B1,2021/10/21 15:23:25+00,MiamiPark,2024/01/31 09:47:15+00,e304239@miamidade.gov_MDC,PROSM,2024/01/31 10:03:30+00,PROSM,2024/03/05 07:28:26+00,2277d292-da14-488c-b56b-f349e10dcf8e
-8933608.0745,2993432.3162,227,3421040010030,210404,Betty T. Ferguson Recreational Complex,3000 NW 199th St,Miami Gardens,33056,305-622-8080, ,Community/Neighborhood,0,Local,Undeveloped,Miami Gardens,25.95438,-80.25196,901958.391295578,589811.767596491,D7AA6B8F-8A89-4709-A773-E09B8FA8059C,2021/10/21 15:23:25+00,MiamiGardensPark,2024/01/31 09:47:15+00,e304239@miamidade.gov_MDC,PROSM,2024/01/31 10:03:44+00,PROSM,2024/03/05 07:28:48+00,6e93deda-a439-4dc0-9efe-3f2c01cada48
-8926046.2469,2985547.5604,228,0622300070930,ITD36,Liberty Gardens Park,715 NE 125th St,North Miami,33161,305-895-9840, ,Mini Park,0,Local,Fully Developed,North Miami,25.89068,-80.18404,924423.761390995,566790.520003907,FB6CA109-ACC6-401B-A7AA-1693CB6C21BE,2021/10/21 15:23:25+00,NorthMiamiPark,2024/01/31 09:47:15+00,e304239@miamidade.gov_MDC,PROSM,2024/01/31 10:03:25+00,PROSM,2024/03/05 07:28:17+00,dd003109-530a-420f-9760-7f6e69eecbfb
-8918963.5304,2978171.6904,229, ,ITD19,Beach Park View & Vita Course,5299 Collins Ave,Miami Beach,33140,305-861-3616,305-673-7767,Single Purpose Park,0,Area-Wide,Fully Developed,Miami Beach,25.83105,-80.12042,945487.301940996,545254.143129237,0E21DF1E-FADB-42BE-95B7-8DAE7F3279D2,2021/10/21 15:23:25+00,MiamiBeachPark,2024/01/31 09:47:15+00,e304239@miamidade.gov_MDC,PROSM,2024/01/31 10:03:17+00,PROSM,2024/03/05 07:28:04+00,6b02dead-0f5b-4935-bb58-3ccf12de25ad
-8920908.4613,2972349.601,230,0232340000050,323451,Flamingo Park & Pool,1200 Michigan Ave,Miami Beach,33139,305-673-7766,305-673-7779,Community/Neighborhood,33,Local,Fully Developed,Miami Beach,25.78397,-80.13788,939852.264982745,528102.264375322,12B0D6D3-DAA5-47A6-A679-768AEBC6B43F,2021/10/21 15:23:25+00,MiamiBeachPark,2024/01/31 09:47:15+00,e304239@miamidade.gov_MDC,PROSM,2024/01/31 10:03:05+00,PROSM,2024/03/05 07:27:45+00,dad856ec-ce62-4672-b950-219b64e8a5d4
-8959412.8981,2932273.4689,231,1678240081320,210250,Washington Park - Florida City,NW 12th St & NW 5th Ave,Florida City,33034,305-247-8221, ,Community/Neighborhood,1.16977655758,Local,Fully Developed,Florida City,25.45936,-80.48378,826491.662964247,409528.828294322,8CC4DC1C-9C34-4979-91D0-372CD33EB2A0,2021/10/21 15:23:25+00,FloridaCityPark,2024/01/31 09:47:15+00,e304239@miamidade.gov_MDC,PROSM,2024/01/31 10:03:22+00,PROSM,2024/03/05 07:28:13+00,140bafc4-c26d-45e1-ae67-3f54d402e04d
-8932113.4534,2974830.818,232,0131270161500,312751,Melrose Park,2520 NW 31st St,Miami,33142,305-960-2946, ,Community/Neighborhood,2,Local,Fully Developed,Miami,25.80404,-80.23854,906687.236824747,535192.265943326,E99D4743-AA2D-4C07-B945-932E9F058E80,2014/03/25 23:00:30+00,MiamiPark,2024/01/31 09:47:15+00,e304239@miamidade.gov_MDC,PROSM,2024/01/31 10:03:16+00,PROSM,2024/03/05 07:28:02+00,ade62dbe-9a4f-476f-aba1-d1ba2c84d1b6
-8936535.6434,2958333.2547,233,0351070090120,428,Unnamed Park (Conde Ave),Conde Ave / Old Cutler Rd,Coral Gables,33156,305-446-6800, ,Mini Park,0,Local,Undeveloped,Coral Gables,25.67054,-80.27826,893882.657447077,486597.448434986,6EF533BE-38D6-437D-A3E0-B119DF4A1F24,2021/10/21 15:23:25+00,CoralGablesPark,2024/01/31 09:47:15+00,e304239@miamidade.gov_MDC,PROSM,2024/01/31 10:03:16+00,PROSM,2024/03/05 07:28:03+00,b1124807-5151-4634-9543-6d6572f1adf2
-8923844.4778,2986888.2197,234,0622200140250,222051,Enchanted Forest Elaine Gordon Park,1711 NE 135th St,North Miami,33181,305-895-1119 , ,Community/Neighborhood,22.839512564,Local,Fully Developed,North Miami,25.90151,-80.16426,930901.453816161,570769.347676158,846C597C-84C1-4918-8184-E06814D22201,2021/10/21 15:23:25+00,NorthMiamiPark,2024/01/31 09:47:15+00,e304239@miamidade.gov_MDC,PROSM,2024/01/31 10:03:26+00,PROSM,2024/03/05 07:28:19+00,35298d7f-3fb1-4cf4-bfe4-b87bb30c025b
-8939995.532,2983926.5384,235,0420350010080,203551,Sparks Park,1301 W 60th St,Hialeah,33012,305-821-3425,William Sanchez,Neighborhood Park,9,Local,Fully Developed,Hialeah,25.87757,-80.30935,883250.965127829,561792.211430989,A453F23C-71FC-4D96-B535-F8F2E6B6D87E,2021/10/21 15:23:25+00,HialeahPark,2024/01/31 09:47:15+00,e304239@miamidade.gov_MDC,PROSM,2024/01/31 10:03:40+00,PROSM,2024/03/05 07:28:42+00,842fea08-2595-4abf-a123-f486dc2800d5
-8936118.537,2966292.0702,236,0341180060500,,Ruth Bryan Owen Waterway Park,"3940 GRANADA BLVD, CORAL GABLES, 33134",Coral Gables,33134,305-460-5620,Fabio Rodriguez,Neighborhood Park,1.28,Local,Open Space,Coral Gables,25.73496,-80.27452,894984.195088544,510088.514194817,2549E42F-AEB5-497D-8720-B30C344BDD2B,2021/10/21 15:23:25+00,CoralGablesPark,2024/05/07 14:30:58+00,CoralGablesPark,PROSM,2024/01/31 10:03:35+00,PROSM,2024/05/08 09:13:34+00,74320c4a-5dc3-4da4-ae45-782c06a4b50c
-8919242.6307,2975479.7816,237,0232260011490,ETSD18,Pancoast Park/36th Street Park,3501 Collins Ave,Miami Beach,33140,305-673-7730,,Community/Neighborhood,1.70964631355,Local,Fully Developed,Miami Beach,25.80929,-80.12292,944715.332684413,537336.680617742,CF2C138E-BADC-470C-B8D6-3CB8B5BEE854,2021/10/21 15:23:25+00,MiamiBeachPark,2024/01/31 09:47:15+00,e304239@miamidade.gov_MDC,PROSM,2024/01/31 10:03:26+00,PROSM,2024/03/05 07:28:18+00,b02647ef-d246-4065-82e0-2a2c3c8a82e2
-8937781.6983,2968976.3166,238,1540120000050,401251,Cooper Park,1500 SW 57th Ct,West Miami,33144,305-261-5566, ,Community/Neighborhood,3,Local,Fully Developed,West Miami,25.75668,-80.28947,890027.308530495,517886.008889243,5CD05A42-9BF7-4B6D-8298-95159B8E687A,2021/10/21 15:23:25+00,WestMiamiPark,2024/01/31 09:47:15+00,e304239@miamidade.gov_MDC,PROSM,2024/01/31 10:03:13+00,PROSM,2024/03/05 07:27:58+00,a2087d8b-9115-4fae-a32a-189fc626eb55
-8940507.5893,2986979.0605,239,3220230041320,202307,ML Tax Dist..- (p-22),14125 Alamanda Ave,Miami Lakes,33014,305-698-9308, ,Mini Park,0,Local,Undeveloped,Miami Lakes,25.90224,-80.31394,881691.619165163,570750.673500903,BEB3E562-993A-4316-8962-30FA170AB072,2021/10/21 15:23:25+00,MiamiLakesPark,2024/01/31 09:47:15+00,e304239@miamidade.gov_MDC,PROSM,2024/01/31 10:03:32+00,PROSM,2024/03/05 07:28:30+00,c04384ae-d476-4993-b49e-e345a8bcee59
-8919461.0385,2976542.2753,240,0232230020020,322350,Pine Tree Park,4493 Collins Ave,Miami Beach,33140,305-673-7730,305-673-7767,Community/Neighborhood,7,Local,Undeveloped,Miami Beach,25.81788,-80.12488,944049.06006683,540455.39288424,49608524-D4D6-4F20-B712-F3662EED44DC,2021/10/21 15:23:25+00,MiamiBeachPark,2024/01/31 09:47:15+00,e304239@miamidade.gov_MDC,PROSM,2024/01/31 10:03:27+00,PROSM,2024/03/05 07:28:20+00,39b2f806-1cf4-4992-862b-ea0255b93d80
-8924039.828,2961960.9444,241,2442320060030,ITD61,St. Agnes Athletic Field,100 Harbor Dr,Village Of Key Biscayne,33149,305-365-8900,,Special Activity,2.20264646336,Local,Fully Developed,Village Of Key Biscayne,25.69991,-80.16601,930788.813621495,497489.125798576,A02121D3-6B66-4CF1-B7E4-323C9A244BDF,2021/10/21 15:23:25+00,VillageofKeyBiscaynePark,2024/01/31 09:47:15+00,e304239@miamidade.gov_MDC,PROSM,2024/01/31 10:03:32+00,PROSM,2024/03/05 07:28:29+00,8f3e4e4c-d4c1-4a73-bb3f-de33a134f47b
-8938872.131,2980154.888,242,0430120140020,301251,Walker Park / Pool,880 W 29Th St,Hialeah,33012,305-883-6324,William Sanchez,Neighborhood Park,9,Local,Fully Developed,Hialeah,25.84709,-80.29925,886628.281863995,550728.489463991,626B5AE5-85CD-4014-A7BF-DFFD564D9B51,2021/10/21 15:23:25+00,HialeahPark,2024/01/31 09:47:15+00,e304239@miamidade.gov_MDC,PROSM,2024/01/31 10:03:23+00,PROSM,2024/03/05 07:28:15+00,5bb24a9e-d322-44ad-a1ab-0a3427eb0e10
-8940475.593,2987296.2756,243,3220230032670,202304,ML Tax Dist.- (p-18),6943 Willow Ln,Miami Lakes,33014,305-698-9308, ,Mini Park,0,Local,Undeveloped,Miami Lakes,25.90481,-80.31366,881781.231190663,571682.84059982,F1BD97E4-060C-4310-BC4A-911783C2F835,2021/10/21 15:23:25+00,MiamiLakesPark,2024/01/31 09:47:15+00,e304239@miamidade.gov_MDC,PROSM,2024/01/31 10:03:23+00,PROSM,2024/03/05 07:28:14+00,e1ebd6fa-b13d-40f0-b3a2-1bb99bba21b9
-8924325.4466,2990250.6999,244,0722170030010,221755,Patricia A. Mishcon Athletic Field,16601 NE 15th Ave,North Miami Beach,33162,305-948-2957, ,Community Park,3,Area-Wide,Fully Developed,North Miami Beach,25.92868,-80.16859,929418.441690329,580635.307931073,D5BEF019-B734-4004-9FBA-09410B82758E,2021/10/21 15:23:25+00,NorthMiamiBeachPark,2024/01/31 09:47:15+00,e304239@miamidade.gov_MDC,PROSM,2024/01/31 10:03:20+00,PROSM,2024/03/05 07:28:09+00,ab1f9cf2-873a-48ec-8dde-10398097963e
-8944118.0015,2945157.9764,245,3660160270010, ,Blue Heron Park - Linear Park,21900 SW 97th Ave,Cutler Bay,33189,305-238-4166,,Mimi-Park - Linear Path,4.85599673161,Linear,Undeveloped,Cutler Bay,25.56382,-80.34638,871639.046094496,447692.731297076,EB482F66-00D3-4984-8402-1553E29733F8,2021/10/21 15:23:25+00,CutlerBayPark,2024/01/31 09:47:15+00,e304239@miamidade.gov_MDC,PROSM,2024/01/31 10:03:30+00,PROSM,2024/03/05 07:28:26+00,07834db1-a6d3-4571-92d4-77b748be3c35
-8930133.9989,2984861.8586,246,0621260167330,222952,Oleander Park,12181 NW 13 Ave,North Miami,33167,305-895-9840, ,Community/Neighborhood,2,Local,Fully Developed,North Miami,25.88513,-80.22076,912362.867861912,564702.908037409,A99E999F-6043-41AD-817B-DB517FB98A31,2021/10/21 15:23:25+00,NorthMiamiPark,2024/01/31 09:47:15+00,e304239@miamidade.gov_MDC,PROSM,2024/01/31 10:03:09+00,PROSM,2024/03/05 07:27:51+00,419825ac-b79c-4b56-baa9-f64a44a2843e
-8932388.2837,2965706.0563,247,0141210160750,412152,Coconut Grove Tennis Courts,2975 Oak Ave,Miami,33133,305-960-2946, ,Single Purpose Park,1,Local,Fully Developed,Miami,25.73022,-80.24101,906029.475344997,508357.117185906,722C30B3-8ABB-46E7-A94A-CB2CECA40CB7,2021/10/21 15:23:25+00,MiamiPark,2024/01/31 09:47:15+00,e304239@miamidade.gov_MDC,PROSM,2024/01/31 10:03:25+00,PROSM,2024/03/05 07:28:17+00,09b74a53-2e72-4082-8d33-1f7db586f3f8
-8941889.0232,2945495.4034,248,3660090220052,ITD54,Lakes By the Bay Park,8551 SW 216th St,Cutler Bay,33189,305-238-4166, ,Community/Neighborhood,29.26,Local,Development,Cutler Bay,25.56655,-80.32636,878235.019451078,448719.538626656,A20E44A9-D973-46D7-989D-EB5F47B448C7,2014/03/25 23:00:30+00,MiamiDadePark,2024/01/31 09:47:15+00,e304239@miamidade.gov_MDC,PROSM,2024/01/31 10:03:10+00,PROSM,2024/03/05 07:27:53+00,d2f140ba-88ab-4087-9916-1a4f5f46ea15
-8935547.8344,2968415.5712,249,0341080013630,431,Alcazar Plaza,"700 ALCAZAR AVE, CORAL GABLES, 33134",Coral Gables,33134,305-460-5620,Fabio Rodriguez,Neighborhood Park,0,Local,Undeveloped,Coral Gables,25.75215,-80.26939,896665.936250806,516415.998047538,9F13CCAC-2001-42A1-90B5-D305EAFBECF6,2021/10/21 15:23:25+00,CoralGablesPark,2024/05/21 20:20:56+00,E327883@miamidade.gov_MDC,PROSM,2024/01/31 10:03:20+00,PROSM,2024/05/29 07:42:50+00,216f3dcc-64b0-4b52-b40a-9f9c179a5017
-8937563.7539,2976999.4168,250,0531180161760,311952,Miami Springs Tennis / Raquetball Facility,401 Westward Dr,Miami Springs,33166,305-805-5075,305-805-5075,Community/Neighborhood,2,Local,Fully Developed,Miami Springs,25.82157,-80.2875,890544.092929997,541476.159543492,10A4689B-D06F-4DD2-977A-A98DCA0E1A06,2021/10/21 15:23:25+00,MiamiSpringsPark,2024/01/31 09:47:15+00,e304239@miamidade.gov_MDC,PROSM,2024/01/31 10:03:03+00,PROSM,2024/03/05 07:27:42+00,3d654814-cac7-4293-8aff-41947a6a066c
-8946085.6206,2985503.0237,251, ,202952,Tot Lot Park,NW 102nd Ave & NW 129th St,Hialeah Gardens,33018,305-558-2331, ,Mini Park,0,Local,Fully Developed,Hialeah Gardens,25.89032,-80.36406,865240.276083663,566332.243361406,93C29E44-823C-42BD-8553-F7DA45C271EE,2021/10/21 15:23:25+00,HialeahGardensPark,2024/01/31 09:47:15+00,e304239@miamidade.gov_MDC,PROSM,2024/01/31 10:03:41+00,PROSM,2024/03/05 07:28:43+00,236b5a98-cfca-4be7-8117-f29ac181e3e4
-8939575.7766,2987925.6738,252,3220240140880,202418,ML Tax Dist.- (p-47),6480 Miami Lakes Dr E,Miami Lakes,33014,305-698-9308, ,Mini Park,0,Local,Undeveloped,Miami Lakes,25.90989,-80.30557,884428.622549411,573545.33917141,8D08BCB3-F088-4FAC-9F25-3D6B3CA5F8CD,2021/10/21 15:23:25+00,MiamiLakesPark,2024/01/31 09:47:15+00,e304239@miamidade.gov_MDC,PROSM,2024/01/31 10:03:43+00,PROSM,2024/03/05 07:28:46+00,ac0ac376-4b24-4fca-9cde-949cb51fcaf9
-8927025.3071,2990398.057,253,0722070050250, ,Uleta Park Community Center,386 NE 169th St,North Miami Beach,33162,305-652-6197,,Community/Neighborhood,2.86644938857,Local,Fully Developed,North Miami Beach,25.92987,-80.19283,921444.478963744,581018.172322825,20CB9A5D-D3B8-4D78-987F-322C465FC938,2021/10/21 15:23:25+00,NorthMiamiBeachPark,2024/01/31 09:47:15+00,e304239@miamidade.gov_MDC,PROSM,2024/01/31 10:03:09+00,PROSM,2024/03/05 07:27:51+00,3e6fd5d3-ce00-4c7d-b96b-a23b068e4fb6
-8930527.2633,2972471.3162,254,0131340451030,313452,E.G. Sewell Park,1801 NW S River Dr,Miami,33125,305-960-2946, ,Nature,9,Local,Fully Developed,Miami,25.78495,-80.22429,911416.186356328,528283.318147071,1AEB2CD9-67DB-4ADE-99ED-2CB39C2DAC6F,2021/10/21 15:23:25+00,MiamiPark,2024/01/31 09:47:15+00,e304239@miamidade.gov_MDC,PROSM,2024/01/31 10:03:31+00,PROSM,2024/03/05 07:28:28+00,e291ee75-1cfe-4bfd-91fe-550a2b34d388
-8923421.0041,2986290.1211,255,0622280190010,222854,Keystone Park - Bobby Hammer Field,13050  Ixora Ct,North Miami,33181,305-895-9840, ,Community/Neighborhood,1,Local,Fully Developed,North Miami,25.89668,-80.16045,932163.287906662,569020.592315406,5004AB30-E6FC-400D-B5AF-5A6CB17C418E,2021/10/21 15:23:25+00,NorthMiamiPark,2024/01/31 09:47:15+00,e304239@miamidade.gov_MDC,PROSM,2024/01/31 10:03:20+00,PROSM,2024/03/05 07:28:09+00,6cbeecbe-73cd-4ad9-baf8-c10ed8361a49
-8919692.698,2979779.3803,256,0232110141450,321151,La Gorce Tot Lot,La Gorce Dr & Alton Rd,Miami Beach,33141,305-673-7730,305-673-7730,Mini Park,1,Local,Fully Developed,Miami Beach,25.84405,-80.12696,943301.277113579,549964.356477826,CF618A34-5B50-4044-9A9E-43DD85E122ED,2021/10/21 15:23:25+00,MiamiBeachPark,2024/01/31 09:47:15+00,e304239@miamidade.gov_MDC,PROSM,2024/01/31 10:03:15+00,PROSM,2024/03/05 07:28:01+00,04837bba-2fb6-4af3-a5f5-ff57864379d1
-8920039.5434,2971937.033,257,0232030000030,420352,Lummus Park - Miami Beach,1001 Ocean Dr,Miami Beach,33139,305-673-7730,305-673-7779,Special Activity,31.03293969144,Area-Wide,Fully Developed,Miami Beach,25.78063,-80.13009,942428.888438411,526906.16965466,FE3512D0-70B1-4D03-AB56-A9BCB99855A7,2021/10/21 15:23:25+00,MiamiBeachPark,2024/01/31 09:47:15+00,e304239@miamidade.gov_MDC,PROSM,2024/01/31 10:03:41+00,PROSM,2024/03/05 07:28:44+00,11d998a1-b77e-483a-9ada-55880217345c
-8924507.5293,2989778.1903,258, ,52296,Carter Tyree Park,NE 15th Ave & NE 162nd St,North Miami Beach,33162,305-948-2957, ,Mini-Park - Open Space,0.40161527966,Local,Undeveloped,North Miami Beach,25.92486,-80.17021,928889.631068163,579244.361565992,7A442DA3-6266-4C5E-A9A8-DECCEC75CCFF,2021/10/21 15:23:25+00,NorthMiamiBeachPark,2024/01/31 09:47:15+00,e304239@miamidade.gov_MDC,PROSM,2024/01/31 10:03:03+00,PROSM,2024/03/05 07:27:41+00,196688f6-75df-4d0f-9c24-9a4f98fe549c
-8939871.2919,2987493.8487,259,3220240081150,202410,ML Tax Dist.- (p-12),6651 Harris Ter,Miami Lakes,33014,305-698-9308, ,Mini Park,0,Local,Undeveloped,Miami Lakes,25.9064,-80.30823,883562.686289161,572272.487386405,9E3E1078-47F5-4944-8BDF-1FECD7B75DCC,2021/10/21 15:23:25+00,MiamiLakesPark,2024/01/31 09:47:15+00,e304239@miamidade.gov_MDC,PROSM,2024/01/31 10:03:15+00,PROSM,2024/03/05 07:28:01+00,93aa9672-d128-4509-818f-281b0857ecb7
-8956197.7578,2931890.1376,260,1079200021730,792051,Audubon Park,S Audubon Dr,Homestead,33035,305-224-4570, ,Community/Neighborhood,0,Local,Undeveloped,Homestead,25.45625,-80.4549,836025.871257994,408436.779297322,6816D8D3-240B-4AB9-9C98-CCCB3991D15C,2021/10/21 15:23:25+00,HomesteadPark,2024/01/31 09:47:15+00,e304239@miamidade.gov_MDC,PROSM,2024/01/31 10:03:05+00,PROSM,2024/03/05 07:27:45+00,558b7c69-a036-4ed6-881c-5bd2db08db42
-8922979.6781,2990871.0248,261, ,ITD33,Jack Chaiken Park,NE 22 Ave & NE 171st St,North Miami Beach,33162,305-948-2957, ,Mini Park,0.1,Local,Fully Developed,North Miami Beach,25.93369,-80.1565,933380.086326078,582482.243213572,FCCE872A-73F6-4774-B8D1-863362042060,2021/10/21 15:23:25+00,NorthMiamiBeachPark,2024/01/31 09:47:15+00,e304239@miamidade.gov_MDC,PROSM,2024/01/31 10:03:02+00,PROSM,2024/03/05 07:27:40+00,f5232620-227e-430d-a4cd-4aa65a89f547
-8939291.8914,2988455.1851,262,3220130050170,201305,ML Tax Dist..- (p-61),15440 Durnford Dr,Miami Lakes,33014,305-698-9308, ,Mini Park,1,Local,Undeveloped,Miami Lakes,25.91417,-80.30302,885258.640246328,575104.874110073,2D9198D3-E7AF-44D6-8DF3-E3B739369863,2021/10/21 15:23:25+00,MiamiLakesPark,2024/01/31 09:47:15+00,e304239@miamidade.gov_MDC,PROSM,2024/01/31 10:03:08+00,PROSM,2024/03/05 07:27:49+00,0d70cb33-23e4-4d08-8937-52cb4bfc9d32
-8928468.1264,2976825.7201,263,0131240000350,312453,North Bay Vista Park,4835 NW 6Th Ave,Miami,33127,305-960-2946, ,Mini Park,1,Local,Fully Developed,Miami,25.82017,-80.20579,917425.848221496,541119.592015155,D9476B6A-E52C-4DC2-8F49-943A8BCFAA0A,2021/10/21 15:23:25+00,MiamiPark,2024/01/31 09:47:15+00,e304239@miamidade.gov_MDC,PROSM,2024/01/31 10:03:38+00,PROSM,2024/03/05 07:28:38+00,86061f58-3142-432b-b62a-56fe64fe94c6
-8929702.9287,2978267.7095,264,0131140430330,311452,Twelfth Ave Mini Park,6198 NW 12th Ave,Miami,33127,305-960-2946, ,Mini Park,0,Local,Undeveloped,Miami,25.83183,-80.2169,913739.108219661,545314.754228487,3583C762-6B7B-4309-8730-2C29B25D4BD9,2021/10/21 15:23:25+00,MiamiPark,2024/01/31 09:47:15+00,e304239@miamidade.gov_MDC,PROSM,2024/01/31 10:03:31+00,PROSM,2024/03/05 07:28:28+00,61e957f9-d583-4b79-9ef4-68e8e674db78
-8937657.6855,2963019.9705,265,0940250280130,402551,Murray Park Aquatic Center,6701 SW 58th Pl,South Miami,33143,305-668-3876, ,Community/Neighborhood,3,Local,Fully Developed,South Miami,25.70848,-80.28835,890488.458198745,500369.044251323,1A88DB0C-6606-4D65-AFD9-4C87EE672B31,2021/10/21 15:23:25+00,SouthMiamiPark,2024/01/31 09:47:15+00,e304239@miamidade.gov_MDC,PROSM,2024/01/31 10:03:27+00,PROSM,2024/03/05 07:28:20+00,806fdb12-db64-4f75-9169-303ded492681
-8943208.3316,2987889.2681,266,3220220031060,202202,ML Tax Dist -Lot 41,8511 Dundee Ter,Miami Lakes,33016,305-698-9308, ,Mini Park,0,Local,Undeveloped,Miami Lakes,25.9096,-80.3382,873702.613489661,573382.945467323,8C2A96D3-E7DF-49C0-9F2B-F53690BC9A3E,2021/10/21 15:23:25+00,MiamiLakesPark,2024/01/31 09:47:15+00,e304239@miamidade.gov_MDC,PROSM,2024/01/31 10:03:16+00,PROSM,2024/03/05 07:28:03+00,090935fc-8eeb-454c-a628-10bed3ad586d
-8934697.5416,2992522.234,267,3421050010160,210500,Risco Park,19000 NW 37th Ave,Miami Gardens,33056,305-622-8080, ,Community/Neighborhood,16,Local,Fully Developed,Miami Gardens,25.94703,-80.26176,897964.636815913,586762.360965654,9EEE668A-D351-447E-809E-255A8BE07451,2021/10/21 15:23:25+00,MiamiGardensPark,2024/01/31 09:47:15+00,e304239@miamidade.gov_MDC,PROSM,2024/01/31 10:03:01+00,PROSM,2024/03/05 07:27:38+00,ccc7f950-428d-45b3-94c0-d8cfedd8a6bd
-8927058.0498,2980374.1197,268,0131120000030,311250,Little River Commerce Park,8034 NE 2nd Ave,Miami,33138,305-960-2946, ,Mini Park,0,Local,Fully Developed,Miami,25.84886,-80.19312,921528.873808078,551572.90903499,CF273FCF-DAFE-43C0-ADA9-07427FA5CDED,2021/10/21 15:23:25+00,MiamiPark,2024/01/31 09:47:15+00,e304239@miamidade.gov_MDC,PROSM,2024/01/31 10:03:44+00,PROSM,2024/03/05 07:28:47+00,009383db-0a5a-4002-9ee6-052182cfac06
-8928670.861,2971784.1687,269,0131350271330,313660,Spring Garden Point,NW 7th St & NW N River Dr,Miami,33136,305-960-2946, ,Community/Neighborhood,1,Local,Undeveloped,Miami,25.77939,-80.20761,916915.942745246,526295.738460824,48D97133-53CB-414F-AF2C-535C3947279C,2021/10/21 15:23:25+00,MiamiPark,2024/01/31 09:47:15+00,e304239@miamidade.gov_MDC,PROSM,2024/01/31 10:03:36+00,PROSM,2024/03/05 07:28:37+00,3ae291b7-460d-4b13-9f7b-309aeceacd3d
-8945983.1235,2977149.9244,270,3530200000050,302001,Morgan Levy Park,5300 NW 102nd Ave,Doral,33178,305-482-9590,305-482-9590,Community/Neighborhood,14,Local,Fully Developed,Doral,25.82279,-80.36313,865661.967497494,541790.886932402,4FDA9A61-0261-429E-90EA-804DA282A56B,2021/10/21 15:23:25+00,DoralPark,2024/01/31 09:47:15+00,e304239@miamidade.gov_MDC,PROSM,2024/01/31 10:03:32+00,PROSM,2024/03/05 07:28:29+00,a6ec779a-a161-403c-b9cc-b88310dc85bb
-8919930.7474,2982922.6806,271,0232030120010,320352,Stillwater Park,8440 Hawthorne Ave,Miami Beach,33141,305-993-2000,305-861-3616,Community/Neighborhood,1,Local,Fully Developed,Miami Beach,25.86946,-80.1291,942536.703183413,559195.534865826,C6DDC8E7-2D28-43E9-A95D-2C68B5C8F62C,2021/10/21 15:23:25+00,MiamiBeachPark,2024/01/31 09:47:15+00,e304239@miamidade.gov_MDC,PROSM,2024/01/31 10:03:27+00,PROSM,2024/03/05 07:28:20+00,a3dbb2ca-afa3-45d0-991d-0e7d9d098ec8
-8941007.8638,2988288.1607,272,3220140150990,202327,ML Tax Dist.- (p-53),7281 Fairway Drive,Miami Lakes,33014,305-698-9308, ,Mini Park,0,Local,Fully Developed,Miami Lakes,25.91282,-80.31844,880194.281936746,574587.717992157,E038F62E-0A6D-41B4-8675-20BA71E0689F,2021/10/21 15:23:25+00,MiamiLakesPark,2024/01/31 09:47:15+00,e304239@miamidade.gov_MDC,PROSM,2024/01/31 10:03:43+00,PROSM,2024/03/05 07:28:46+00,00621ef5-fc28-4d37-a514-fb743cbd851d
-8927044.4735,2981900.2975,273,1132060133640,320650,Miami Shores Optimist Park,NE 94th St & NE 2nd Ave,Miami Shores,33138,305-758-8103, ,Single Purpose Park,1,Local,Undeveloped,Miami Shores,25.8612,-80.193,921541.438415494,556057.486679994,8E2F8436-1ED3-481C-8791-5E7C472C0EBD,2021/10/21 15:23:25+00,MiamiShoresPark,2024/01/31 09:47:15+00,e304239@miamidade.gov_MDC,PROSM,2024/01/31 10:03:02+00,PROSM,2024/03/05 07:27:41+00,e348e0c9-00af-4254-90a6-6cf9bf048b92
-8927294.8827,2977920.619,274,0131130890010,311350,Lemon City Park,27 NE 58th St,Miami,33137,305-759-3512, ,Community/Neighborhood,3,Local,Fully Developed,Miami,25.82902,-80.19525,920873.299003746,544358.593083075,0D0BB31A-07FF-4F6B-AD0F-1D64C9D57920,2021/10/21 15:23:25+00,MiamiPark,2024/01/31 09:47:15+00,e304239@miamidade.gov_MDC,PROSM,2024/01/31 10:03:22+00,PROSM,2024/03/05 07:28:13+00,b1afd421-694f-47b0-98b7-7df1ef4632d6
-8934475.7208,2960249.1917,275,0351050080290,,Solano Prado Triangle,"220 SOLANO PRADO, CORAL GABLES, 33156",Coral Gables,33156,305-460-5620,Fabio Rodriguez,Mini Park,0.31,Local,Open Space,Coral Gables,25.68606,-80.25976,899928.827335406,492277.819263733,06E955F0-A388-4F5D-A5EF-9E6B40653033,2021/10/28 10:26:14+00,CoralGablesPark,2024/05/15 18:33:22+00,CoralGablesPark,PROSM,2024/01/31 10:03:00+00,PROSM,2024/05/29 07:42:49+00,68f109e8-3760-410e-a04e-1ef9560a15aa
-8944702.9883,2945687.6625,276,3660080050700,ITD55,Lincoln City Park # 2,SW 214th St & SW 99th Ave,Cutler Bay,33189,305-238-4166, ,Mini-Park,0.69597812762,Local,Undeveloped,Cutler Bay,25.56811,-80.35163,869899.018734664,449244.290857993,86D93217-9EF2-4A66-9C21-84C7E7CF0631,2021/10/21 15:23:25+00,CutlerBayPark,2024/01/31 09:47:15+00,e304239@miamidade.gov_MDC,PROSM,2024/01/31 10:03:36+00,PROSM,2024/03/05 07:28:36+00,ccfbca81-90d6-4d16-aa50-d46b07ab15c9
-8939809.6866,2986617.1936,277, ,202422,"ML Tax Dist.- Tract ""A"" (Park Site)",13849 NW 67th Ave,Miami Lakes,33014,305-698-9308, ,Mini Park,1,Local,Undeveloped,Miami Lakes,25.89932,-80.30767,883758.197709162,569698.661169238,9FA15299-48A9-4499-8118-E8F1A3FB3DBC,2021/10/21 15:23:25+00,MiamiLakesPark,2024/01/31 09:47:15+00,e304239@miamidade.gov_MDC,PROSM,2024/01/31 10:03:26+00,PROSM,2024/03/05 07:28:20+00,3d3cb815-7fbc-40c0-9cae-47a24590876b
-8920114.3487,2981628.3113,278,0232030000020,320350,Fairway Park & Rec Center,200 Fairway Dr,Miami Beach,33141,305-993-2021,305-993-2011,Community/Neighborhood,4,Local,Fully Developed,Miami Beach,25.859,-80.13076,942019.51885033,555388.980471075,9ABA649F-2389-4508-B682-599936C0DC0E,2021/10/21 15:23:25+00,MiamiBeachPark,2024/01/31 09:47:15+00,e304239@miamidade.gov_MDC,PROSM,2024/01/31 10:03:17+00,PROSM,2024/03/05 07:28:05+00,82068556-f1b6-425d-a086-4332d26552a5
-8957140.7671,2934247.778,279,1079180010010,790750,Harris Field Park,1034 NE 8th St,Homestead,33030,305-224-4570, ,Community/Neighborhood,49,Local,Fully Developed,Homestead,25.47537,-80.46336,833202.75616933,415374.873360738,69E9AE9B-20EA-454F-99DC-851ABFB20454,2021/10/21 15:23:25+00,HomesteadPark,2024/01/31 09:47:15+00,e304239@miamidade.gov_MDC,PROSM,2024/01/31 10:03:24+00,PROSM,2024/03/05 07:28:16+00,f7e01b29-d44e-481b-b541-76dff10bb89f
-8933620.3176,2991185.4669,280,3421090021050,210901,Myrtle Grove Park,3030 NW 179th St,Miami Gardens,33056,305-622-8080, ,Community/Neighborhood,5,Local,Fully Developed,Miami Gardens,25.93623,-80.25207,901959.929678328,583214.723703988,826CCC4D-FAA7-4D53-B681-B899045EA13B,2021/10/21 15:23:25+00,MiamiGardensPark,2024/01/31 09:47:15+00,e304239@miamidade.gov_MDC,PROSM,2024/01/31 10:03:12+00,PROSM,2024/03/05 07:27:55+00,c67e3535-f867-48fe-8bce-56624881b001
-8934294.2372,2965250.3194,281,0141200030010,412051,Esther M Ambrister Park,4000 Grand Ave,Miami,33133,305-442-0376,,Community/Neighborhood,4.43262460384,Local,Fully Developed,Miami,25.72653,-80.25813,900400.375054661,506984.58909107,6BD76626-23C4-4B89-9243-51611BA21B31,2021/10/21 15:23:25+00,MiamiPark,2024/01/31 09:47:15+00,e304239@miamidade.gov_MDC,PROSM,2024/01/31 10:03:24+00,PROSM,2024/03/05 07:28:16+00,32a01b92-05b9-4099-b090-9dadce059281
-8933896.2181,2991979.9654,282,3421040320010,210403,Miami Carol City Park,18650 NW 32nd Ave,Miami Gardens,33056,305-622-8080, ,Community/Neighborhood,16.15470902095,Local,Fully Developed,Miami Gardens,25.94265,-80.25455,901132.121622663,585542.872919075,4677EA50-6791-4ABC-BFE8-09F13F51F44C,2021/10/21 15:23:25+00,MiamiGardensPark,2024/01/31 09:47:15+00,e304239@miamidade.gov_MDC,PROSM,2024/01/31 10:03:26+00,PROSM,2024/03/05 07:28:19+00,432683f5-4667-4795-827e-dcc23f876184
-8937467.1031,2962486.0379,283,0940360220060,,San Benito Green,"5750 SUNSET DR, SOUTH MIAMI, 33143",South Miami,33143,305-460-5620,Fabio Rodriguez,Neighborhood Park,1.28,Local,Open Space,South Miami,25.70416,-80.28663,891059.947618274,498801.281212117,9FE1458C-E599-44DE-82D7-22F18D4382D4,2023/08/28 11:01:32+00,CoralGablesPark,2024/05/07 14:59:57+00,CoralGablesPark,PROSM,2024/01/31 10:03:46+00,PROSM,2024/05/08 09:13:34+00,adbfe62f-f673-48d6-80c4-86c8a5219100
-8939896.0705,2989641.4952,284,3220130042420,201301,ML Tax Dist.- (p-55 library site),16695 NW 67th Ave,Miami Lakes,33014,305-698-9308, ,Mini Park,1,Local,Undeveloped,Miami Lakes,25.92376,-80.30845,883456.243916746,578579.218867406,F87FA704-38ED-4B7F-AC76-371C6F597571,2021/10/21 15:23:25+00,MiamiLakesPark,2024/01/31 09:47:15+00,e304239@miamidade.gov_MDC,PROSM,2024/01/31 10:03:36+00,PROSM,2024/03/05 07:28:36+00,ff3a84e7-a855-48b1-a361-06ab2c397c64
-8928174.1517,2973250.1287,285,0131360620020,ITD23,Unnamed Park (NW 4th Ave),1686 NW 4th Ave,Miami,33136,305-960-2946, ,Mini Park,1,Local,Fully Developed,Miami,25.79125,-80.20315,918358.231199246,530614.479823321,900FBAC2-E593-4AF2-9B4B-D6DE3BA48A7E,2021/10/21 15:23:25+00,MiamiPark,2024/01/31 09:47:15+00,e304239@miamidade.gov_MDC,PROSM,2024/01/31 10:03:40+00,PROSM,2024/03/05 07:28:43+00,2fa905c8-d80e-4505-bc0f-bec0a4de5c80
-8947491.0039,2969578.1806,286, ,400651,James M. Beasley Linear Park,10999  SW 7th Ter,Sweetwater,33174,305-551-4774, ,Greenway,2,Area-Wide,Open Space,Sweetwater,25.76155,-80.37668,861311.485384829,519510.601112492,A3D51CDC-CD0C-487A-B709-97341FB65E8E,2021/10/21 15:23:25+00,SweetwaterPark,2024/01/31 09:47:15+00,e304239@miamidade.gov_MDC,PROSM,2024/01/31 10:03:19+00,PROSM,2024/03/05 07:28:08+00,4fec9bf5-2549-4904-abfe-0a0158c86a22
-8936406.7743,2969251.0455,287,0341070184210,,James T. Barker Park,"1047 VENETIA AVE, CORAL GABLES, 33134",Coral Gables,33134,305-460-5620,Fabio Rodriguez,Neighborhood Park,0.19,Local,Open Space,Coral Gables,25.75891,-80.27711,894087.935680508,518723.122505249,2EA620D6-BAE8-458D-80F2-41186CA28546,2021/10/21 15:23:25+00,CoralGablesPark,2024/05/13 12:35:23+00,CoralGablesPark,PROSM,2024/01/31 10:03:09+00,PROSM,2024/05/14 15:56:46+00,e7617cf3-f7ba-4085-9be2-1b7195d93444
-8925139.2466,2978644.9617,288, ,321750,Legion Picnic Islands Park ,Spoil Banks Off Legion Bk,Miami,33138,305-960-2946, ,Special Activity Park,9,Area-Wide,Undeveloped,Miami,25.83488,-80.17589,927229.779400997,546526.777394988,A51A81F0-CE7D-4584-8DB9-71403EE82ABC,2021/10/21 15:23:25+00,MiamiPark,2024/01/31 09:47:15+00,e304239@miamidade.gov_MDC,PROSM,2024/01/31 10:03:27+00,PROSM,2024/03/05 07:28:20+00,234aaec1-19d3-40d7-8002-87e3bc8974f7
-8920593.0833,2992912.0809,289,2822030470010,,Aventura Community Recreation Center,3375 NE 188th St,Aventura,33180,305-466-3883,,Community/Neighborhood,0.53985614858,Local,Fully Developed,Aventura,25.95018,-80.13506,940386.632024247,588521.085466571,AB0B5753-7753-4354-BD16-3DBAD0FAC373,2021/10/21 15:23:25+00,AventuraPark,2024/01/31 09:47:15+00,e304239@miamidade.gov_MDC,PROSM,2024/01/31 10:03:38+00,PROSM,2024/03/05 07:28:39+00,805424fb-1fdc-4d15-9c48-e841c15fe615
-8942690.3473,2987830.9586,290,3220220041100,202207,ML Tax Dist.- (p-70),Balgowan Rd /  Montrose Rd,Miami Lakes,33016,305-698-9308, ,Mini Park,0,Local,Undeveloped,Miami Lakes,25.90913,-80.33355,875233.037594162,573219.444153905,AE160218-3A37-4C68-AF44-D3E1E1EAC9B5,2021/10/21 15:23:25+00,MiamiLakesPark,2024/01/31 09:47:15+00,e304239@miamidade.gov_MDC,PROSM,2024/01/31 10:03:24+00,PROSM,2024/03/05 07:28:16+00,e965f011-2da5-46f1-b8d7-d28c808d7e70
-8924866.1401,2972293.8214,291,0132310000019, ,Ichimura Japanese Gardens,1101 Macarthur Cswy,Miami,33139,305-416-1133,,Special Activity,1.08983179632,Local,Fully Developed,Miami,25.78352,-80.17343,928154.022959329,527863.272399239,7EA357C6-42D8-4E6E-8393-D1FF1F56CD10,2021/10/21 15:23:25+00,MiamiPark,2024/01/31 09:47:15+00,e304239@miamidade.gov_MDC,PROSM,2024/01/31 10:03:43+00,PROSM,2024/03/05 07:28:46+00,ef2edc01-2712-4ebb-8d9e-513dae9adb9a
-8920527.2618,2970806.8955,292,0242030031060,420353,Washington Park - Miami Beach,225 Washington Ave,Miami Beach,33139,305-673-7766,305-673-7730,Community/Neighborhood,0.58859946265,Local,Fully Developed,Miami Beach,25.77149,-80.13446,941008.930976495,523573.805912577,CD05D676-CA90-4470-AC76-10856F05D721,2021/10/21 15:23:25+00,MiamiBeachPark,2024/01/31 09:47:15+00,e304239@miamidade.gov_MDC,PROSM,2024/01/31 10:03:16+00,PROSM,2024/03/05 07:28:02+00,79bc16d9-ef51-40b2-996c-2432201de251
-8938588.7498,2968717.3152,293,1540120000280,401250,West Miami Recreation Center,1700 SW 62nd Ave,West Miami,33155,305-261-5566, ,Community/Neighborhood,4,Local,Fully Developed,West Miami,25.75458,-80.29671,887645.153517913,517111.579991907,7E7D2D95-B063-438C-B480-B549F9DB9AF2,2021/10/21 15:23:25+00,WestMiamiPark,2024/01/31 09:47:15+00,e304239@miamidade.gov_MDC,PROSM,2024/01/31 10:03:26+00,PROSM,2024/03/05 07:28:18+00,4f82cd82-6a17-49cf-ba3c-adf9d3076d12
-8940656.4302,2987185.4201,294,3220230050740,202310,ML Tax Dist..- (p-25),7030 Miami Lakeway S,Miami Lakes,33014,305-698-9308, ,Mini Park,0,Local,Undeveloped,Miami Lakes,25.90391,-80.31528,881248.914998081,571354.464616157,F1FD4CA8-8DFD-4D1D-98E9-50A95CA76877,2021/10/21 15:23:25+00,MiamiLakesPark,2024/01/31 09:47:15+00,e304239@miamidade.gov_MDC,PROSM,2024/01/31 10:03:39+00,PROSM,2024/03/05 07:28:41+00,a468b366-90dd-4a87-a91e-a20b3dd6ed6e
-8927439.2935,2976881.3493,295,0131240140240,312451,Pullman Mini Park,30 NW 49th St,Miami,33127, 305-960-2946, ,Mini Park,0,Local,Fully Developed,Miami,25.82062,-80.19655,920465.230922244,541301.55687432,6839A778-EFB3-4DBD-8682-113A6D952341,2021/10/21 15:23:25+00,MiamiPark,2024/01/31 09:47:15+00,e304239@miamidade.gov_MDC,PROSM,2024/01/31 10:03:22+00,PROSM,2024/03/05 07:28:12+00,628b3e33-9702-4606-977a-87848ea35284
-8926255.8816,2975813.0528,296,0132190000260,321951,Stearns Park,NE 7th Ave & NE 38th St,Miami,33137,305-960-2946, ,Mini Park,2,Local,Fully Developed,Miami,25.81198,-80.18592,923981.841999244,538183.094935409,00CF4FC2-48F6-455C-895E-BB40915579D5,2021/10/21 15:23:25+00,MiamiPark,2024/01/31 09:47:15+00,e304239@miamidade.gov_MDC,PROSM,2024/01/31 10:03:01+00,PROSM,2024/03/05 07:27:38+00,aea52ddc-4b10-45f3-8ce1-00eaca1298bb
-8943356.9242,2983586.5771,297,2720330180650,203351,Linear Park Hialeah Gardens,NW 108th Ln & NW 87th Ct,Hialeah Gardens,33018,305-558-2331, ,Greenway,0,Area-Wide,Fully Developed,Hialeah Gardens,25.87483,-80.33954,873327.455119245,560742.41267757,B4121C73-830F-44E3-8AF9-4E0575ABBF3E,2021/10/21 15:23:25+00,HialeahGardensPark,2024/01/31 09:47:15+00,e304239@miamidade.gov_MDC,PROSM,2024/01/31 10:03:12+00,PROSM,2024/03/05 07:27:56+00,3446a67c-5cc1-48e7-8209-316f99bd77af
-8935021.0437,2961918.9573,298,0341320051501,,Tiziano Park,"600 TIZIANO AVE, CORAL GABLES, 33143",Coral Gables,33143,305-460-5620,Fabio Rodriguez,Neighborhood Park,0.09,Local,Open Space,Coral Gables,25.69957,-80.26467,898158.37317478,497155.748384687,369E65B8-7660-488B-BF5A-9404B3F2D5A7,2021/10/21 15:23:25+00,CoralGablesPark,2024/05/15 18:36:46+00,CoralGablesPark,PROSM,2024/01/31 10:03:06+00,PROSM,2024/05/29 07:42:49+00,aa9c485b-5f89-4018-9314-0aacec24bc15
-8922722.8541,2967507.3445,299,0142160000040,421750,Miami Rowing Center- Virginia Key Park,3861 Rickenbacker Cswy,Miami,33149,305-361-1505, ,District,646.19840651663,Local,Fully Developed,Miami,25.74479,-80.15418,934580.113453578,513828.799812071,F7BB776C-0349-4BF0-95A0-27203F78A902,2021/10/21 15:23:25+00,MiamiPark,2024/01/31 09:47:15+00,e304239@miamidade.gov_MDC,PROSM,2024/01/31 10:03:21+00,PROSM,2024/03/05 07:28:10+00,69464f1e-679f-4eb2-a747-38276c9bf92d
-8935719.7982,2967382.0605,300,0341180040740,,Catalonia Park,"807 CATALONIA AVE, CORAL GABLES, 33134",Coral Gables,33134,305-460-5620,Fabian Rodriguez,Neighborhood Park,0.3,Local,Fully Development,Coral Gables,25.74378,-80.27094,896060.584195063,513210.909463998,8A8226A9-ECFE-4B93-B540-A0341CB84C8D,2021/10/21 15:23:25+00,CoralGablesPark,2024/05/23 17:29:36+00,E327883@miamidade.gov_MDC,PROSM,2024/01/31 10:03:19+00,PROSM,2024/05/29 07:42:51+00,f708a2e3-57db-47ec-8353-384613889c64
-8928446.0325,2976561.5057,301, ,312452,South Bay Vista Park,NW 6th Ct & NW 46th St,Miami,33127,305-960-2946, ,Mini Park,0,Local,Fully Developed,Miami,25.81803,-80.20559,917495.829380747,540343.420995324,B11C8549-A068-4B3B-98CC-2125664068DE,2021/10/21 15:23:25+00,MiamiPark,2024/01/31 09:47:15+00,e304239@miamidade.gov_MDC,PROSM,2024/01/31 10:03:16+00,PROSM,2024/03/05 07:28:02+00,116d9e53-3d8b-44f1-8af7-874994b02c88
-8923068.333,2960662.7196,302,2452040020030,ITD51,Ocean Beach Park,685 Ocean Dr,Village Of Key Biscayne,33149,305-365-8900,,Community/Neighborhood,2.4219090047,Local,Fully Developed,Village Of Key Biscayne,25.6894,-80.15728,933687.023048162,493687.721327908,79FCE679-8B0C-4DDF-902E-3E611CC28C5A,2021/10/21 15:23:25+00,VillageofKeyBiscaynePark,2024/01/31 09:47:15+00,e304239@miamidade.gov_MDC,PROSM,2024/01/31 10:03:24+00,PROSM,2024/03/05 07:28:15+00,299347f4-f210-4618-8e6b-d999b281d535
-8943104.7689,2987065.8284,303,3220220190020,202220,ML Tax Dist.- (p-83),8445 Glencairn Ter,Miami Lakes,33016,305-698-9308, ,Mini Park,0,Local,Undeveloped,Miami Lakes,25.90295,-80.33727,874020.645333912,570966.078253821,3DA0562A-C341-4D44-AF09-2CC214744724,2021/10/21 15:23:25+00,MiamiLakesPark,2024/01/31 09:47:15+00,e304239@miamidade.gov_MDC,PROSM,2024/01/31 10:03:39+00,PROSM,2024/03/05 07:28:40+00,af61c79d-27e0-4edc-946c-c41c7502795a
-8940678.4799,2987967.6619,304,3220230102470,202319,ML Tax Dist.- (p-36),7050 Miami Lakes Dr,Miami Lakes,33014,305-698-9308, ,Mini Park,0,Local,Open Space,Miami Lakes,25.91023,-80.31548,881171.808196913,573651.530888155,15FB732E-66CE-4DC3-9975-E61E0C96FFAB,2021/10/21 15:23:25+00,MiamiLakesPark,2024/01/31 09:47:15+00,e304239@miamidade.gov_MDC,PROSM,2024/01/31 10:03:28+00,PROSM,2024/03/05 07:28:22+00,255ad628-c2a3-43a9-a677-e79fff536daf
-8938598.3245,2978126.9895,305,0530130010960,ETSD22,Unnamed Park Miami Springs HS,751 Dove Ave,Miami Springs,33166,305-805-5075,,Community/Neighborhood,7.96409594626,Local,Fully Developed,Miami Springs,25.83069,-80.29679,887469.112531412,544773.573880404,06026EE7-32B8-40AD-AC5C-567A67D9A8EB,2021/10/21 15:23:25+00,MiamiSpringsPark,2024/01/31 09:47:15+00,e304239@miamidade.gov_MDC,PROSM,2024/01/31 10:03:32+00,PROSM,2024/03/05 07:28:30+00,c166abc2-c03a-42f7-b05a-b48cc11f30ee
-8938210.9879,2980579.4694,306,0430120230010,301250,Filer Jr. High Park,531 W  29th St,Hialeah,33012,305-687-2650,Kenneth Soler,Neighborhood Park,3.22,Local,Fully Developed,Hialeah,25.85052,-80.29332,888574.897393327,551986.533207737,BCEC662F-020C-41E0-B4D7-617CFCA85CA5,2021/10/21 15:23:25+00,HialeahPark,2024/01/31 09:47:15+00,e304239@miamidade.gov_MDC,PROSM,2024/01/31 10:03:03+00,PROSM,2024/03/05 07:27:42+00,9f934e54-b928-43b4-aea8-70ef9c9a4b71
-8941227.1241,2986858.3712,307,3220230080460,202313,ML Tax Dist.- (p-28),7350 Sabal Dr,Miami Lakes,33014,305-698-9308, ,Mini Park,0,Local,Undeveloped,Miami Lakes,25.90127,-80.32041,879568.607663162,570385.137158491,1CDADACE-D941-4400-9096-7E6E31519B73,2021/10/21 15:23:25+00,MiamiLakesPark,2024/01/31 09:47:15+00,e304239@miamidade.gov_MDC,PROSM,2024/01/31 10:03:30+00,PROSM,2024/03/05 07:28:26+00,f0f4b3b0-44b7-4dfb-a89c-6a57840162d5
-8925202.7349,2989276.4662,308, ,ITD34,Donald E. Bonham Senior Park,NE 12th Ave &  NE 158th  St,North Miami Beach,33162,305-948-2957, ,Mini Park,0.1,Local,Undeveloped,North Miami Beach,25.92081,-80.17647,926846.237189081,577758.038095072,D251D88A-9AD7-412C-9E44-3DEA258462E1,2021/10/21 15:23:25+00,NorthMiamiBeachPark,2024/01/31 09:47:15+00,e304239@miamidade.gov_MDC,PROSM,2024/01/31 10:03:25+00,PROSM,2024/03/05 07:28:17+00,eb14bbdb-eeec-4c3b-bfd6-82a6132fef5b
-8943420.6909,2988249.4454,309,3220220031470,202204,ML Tax Dist..- (p-67),Menteith Ter / Dunbarton Pl,Miami Lakes,33016,305-698-9308, ,Mini Park,0,Local,Undeveloped,Miami Lakes,25.91251,-80.34011,873070.215148162,574437.569670409,BE559CFF-59A9-48B5-9CB1-2CBE4912D227,2021/10/21 15:23:25+00,MiamiLakesPark,2024/01/31 09:47:15+00,e304239@miamidade.gov_MDC,PROSM,2024/01/31 10:03:23+00,PROSM,2024/03/05 07:28:14+00,0cc70119-2c5c-4693-98fd-90538146ac8e
-8929499.4731,2976339.1269,310, ,312351,West Buena Vista Mini Park,NW 44th St & NW 11th Ct,Miami,33127,305-960-2946, ,Mini Park,1,Local,Fully Developed,Miami,25.81623,-80.21506,914386.576740995,539671.11919032,D6FF14F4-029A-445F-AEFE-57EC92928E45,2021/10/21 15:23:25+00,MiamiPark,2024/01/31 09:47:15+00,e304239@miamidade.gov_MDC,PROSM,2024/01/31 10:03:15+00,PROSM,2024/03/05 07:28:02+00,e0b3536c-5134-451d-b6d9-7564dbdecbe4
-8942666.3729,2988063.2493,311,3220220041100,202206,ML Tax Dist.- (p-69),8210 Dundee Ter,Miami Lakes,33016,305-698-9308, ,Mini Park,0,Local,Undeveloped,Miami Lakes,25.911,-80.33335,875300.362918828,573902.011686407,500C4648-2110-4244-BF1E-B4BF70AB94E7,2021/10/21 15:23:25+00,MiamiLakesPark,2024/01/31 09:47:15+00,e304239@miamidade.gov_MDC,PROSM,2024/01/31 10:03:11+00,PROSM,2024/03/05 07:27:54+00,c0a9c866-17e2-4e17-aa9e-4f9e7f5733e8
-8938887.784,2988040.0045,312,3220240180010,202419,Miami Lakes Picnic Park East,6075 Miami Lakes Dr E,Miami Lakes,33014,305-698-9308,305-819-7768,Community/Neighborhood,2.09800026729,Local,Fully Developed,Miami Lakes,25.91082,-80.29939,886458.402282495,573891.921811573,A5237FFD-254D-4458-A651-0CB8C6411375,2021/10/21 15:23:25+00,MiamiLakesPark,2024/01/31 09:47:15+00,e304239@miamidade.gov_MDC,PROSM,2024/01/31 10:03:04+00,PROSM,2024/03/05 07:27:44+00,3c33ee44-0fac-400e-9f24-99946db5edf2
-8926052.2062,2982495.2822,313,1132060172360,320651,Constitution Park,9825 NE 7th Ave,Miami Shores,33138,305-758-8103, ,Community/Neighborhood,1,Local,Undeveloped,Miami Shores,25.86601,-80.18409,924461.895829163,557823.703291908,D26A247A-4439-4029-895F-209A35413037,2021/10/21 15:23:25+00,MiamiShoresPark,2024/01/31 09:47:15+00,e304239@miamidade.gov_MDC,PROSM,2024/01/31 10:03:34+00,PROSM,2024/03/05 07:28:33+00,5a9eabd5-78ed-45c0-ba3d-b34f61dcdbbc
-8919933.95,2973979.6736,314,0232260010370,323452,Collins Park,2111 Miami Beach Dr,Miami Beach,33139,305-673-7730,305-673-7730,Community/Neighborhood,3,Local,Fully Developed,Miami Beach,25.79715,-80.12913,942701.328838412,532913.435199156,2C834C6E-18CF-4B15-B871-40D06B66FDB7,2021/10/21 15:23:25+00,MiamiBeachPark,2024/01/31 09:47:15+00,e304239@miamidade.gov_MDC,PROSM,2024/01/31 10:03:21+00,PROSM,2024/03/05 07:28:11+00,be405838-96e0-4e08-9e24-16cf760c6e15
-8927951.0779,2972705.9784,315,0131360580010,313655,Theodore Gibson Park Recreation,401 NW 12th St,Miami,33136,305-960-4646,LEWIS MAHONEY,Community/Neighborhood,9.53050912064,Local,Fully Developed,Miami,25.78685,-80.20115,919027.31778758,529018.736295655,E50F6545-2027-4346-90F7-7B5ED0305D83,2021/10/21 15:23:25+00,MiamiPark,2024/01/31 09:47:15+00,e304239@miamidade.gov_MDC,PROSM,2024/01/31 10:03:30+00,PROSM,2024/03/05 07:28:25+00,20a280bd-2791-4ea1-89aa-36fa7f6d5c11
-8928973.5317,2971376.0837,316,0141380030690,410251,Henderson Park,971 NW 2nd St,Miami,33128,305-575-5010, ,Community/Neighborhood,3,Local,Fully Developed,Miami,25.77609,-80.21033,916028.384480994,525090.532209821,8726C871-D338-4F99-B498-1CCA362FF4E9,2021/10/21 15:23:25+00,MiamiPark,2024/01/31 09:47:15+00,e304239@miamidade.gov_MDC,PROSM,2024/01/31 10:03:04+00,PROSM,2024/03/05 07:27:43+00,89991c38-2166-48b5-a292-ffe97b8137da
-8939525.1577,2986283.0021,317,0420250010261,202550,Hialeah - Miami Lakes Park,7977 W 12th Ave,Hialeah,33014,305-687-2650, ,Community/Neighborhood,23,Local,Fully Developed,Hialeah,25.89662,-80.30512,884603.657632411,568721.52434399,8ACC0C28-05C1-4245-9209-6C28F9C8AFF1,2021/10/21 15:23:25+00,HialeahPark,2024/01/31 09:47:15+00,e304239@miamidade.gov_MDC,PROSM,2024/01/31 10:03:20+00,PROSM,2024/03/05 07:28:10+00,611e7a23-e594-4054-b73f-79502fbfd75e
-8919328.5113,2981468.6695,318,0232020040520,320254,North Shore Park / Tennis Center,501 72nd St,Miami Beach,33141,305-861-3616,305-861-3616,Single Purpose Park,8,Local,Fully Developed,Miami Beach,25.85771,-80.12369,944344.204161581,554935.342270739,8C9CFE92-3F3A-4583-9F45-159F3DA0D55C,2021/10/21 15:23:25+00,MiamiBeachPark,2024/01/31 09:47:15+00,e304239@miamidade.gov_MDC,PROSM,2024/01/31 10:03:45+00,PROSM,2024/03/05 07:28:49+00,6a45a66f-577d-4f0d-985c-fa4c9c3e64be
-8934641.4863,2962668.3722,319,0341290300020,,Cartagena Park,"401 SUNSET RD, CORAL GABLES, 33143",Coral Gables,33143,305-460-5620,Fabian Rodriguez,Neighborhood Park,0.77,Local,Fully Development,Coral Gables,25.70564,-80.26125,899256.059974865,499200.749118329,EC91B8B9-9D8E-4AEB-9C1D-60F6437DC06C,2021/10/21 15:23:25+00,CoralGablesPark,2024/05/23 17:27:02+00,E327883@miamidade.gov_MDC,PROSM,2024/01/31 10:03:34+00,PROSM,2024/05/29 07:42:51+00,71fca0ad-f4bd-4da7-919d-b122d6fec777
-8924119.8232,2985347.2482,320,0622290830020,222951,Senator Gwen Margolis Community Center,1590 NE 123rd St,North Miami,33161,305-895-9840, ,Single Purpose Park,1,Local,Fully Developed,North Miami,25.88906,-80.16673,930117.062996496,566237.874127574,6204CED7-014A-438B-A89C-16E03AC198DC,2021/10/21 15:23:25+00,NorthMiamiPark,2024/01/31 09:47:15+00,e304239@miamidade.gov_MDC,PROSM,2024/01/31 10:03:13+00,PROSM,2024/03/05 07:27:57+00,bc6c1a92-4721-4ec3-a79d-b912af719958
-8920555.65,2984831.0526,321,, ,South Passive Park,94th St & E Broadview Dr,Bay Harbor Islands,33154,305-866-6241,,Community/Neighborhood,0.70835385575,Local,Open Space,Bay Harbor Islands,25.88489,-80.13471,940459.289687328,564705.983162493,F18F7717-5860-431B-AC89-5BC4ED5B3514,2021/10/21 15:23:25+00,BayHarborIslandsPark,2024/01/31 09:47:15+00,e304239@miamidade.gov_MDC,PROSM,2024/01/31 10:03:41+00,PROSM,2024/03/05 07:28:43+00,052398fa-d483-469e-8939-2fdd9bbfd776
-8935348.8733,2981000.9095,322,0431050000100,310550,James H. Bright Park,"750 E 35TH ST, HIALEAH, FL, 33013",Hialeah,33013,305-687-2650,Kenneth Soler,Neighborhood Park,4,Local,Fully Developed,Hialeah,25.85393,-80.2676,897060.418914108,553380.157707728,A69EC257-D7B0-4FE0-A79F-E50BBC88EB4A,2021/10/21 15:23:25+00,HialeahPark,2024/01/31 09:47:15+00,e304239@miamidade.gov_MDC,PROSM,2024/01/31 10:03:43+00,PROSM,2024/03/05 07:28:46+00,50c82562-9db7-4f63-bb08-1450e8c3d01a
-8919674.4281,2985125.3425,323,1222260060040, ,Bal Harbour Park Recreation Main Office,655 96th St,Bal Harbour,33154,305-993-7316,,Community/Neighborhood,0.35014195313,Local,Fully Developed,Bal Harbour,25.88726,-80.1268,943250.819865413,565671.40314766,C06B596F-E8FB-42F3-8B97-8AE87163D2E1,2021/10/21 15:23:25+00,BalHarbourPark,2024/01/31 09:47:15+00,e304239@miamidade.gov_MDC,PROSM,2024/01/31 10:03:29+00,PROSM,2024/03/05 07:28:25+00,3de09d0a-c4de-45a3-92be-e6e7fabfe34a
-8943549.8619,2974650.6213,324,3530280200010,302801,Doral Central Park,3000 NW 87th Ave,Doral,33172,305-593-6600,305-593-6600,Community/Neighborhood,80,Local,Fully Developed,Doral,25.80258,-80.34127,872889.149893496,534480.22373224,AC9E1708-8D20-4711-812E-B59096C9536F,2021/10/21 15:23:25+00,DoralPark,2024/01/31 09:47:15+00,e304239@miamidade.gov_MDC,PROSM,2024/01/31 10:03:31+00,PROSM,2024/03/05 07:28:27+00,f022db8a-ec4f-46ed-9ad5-fdf3047c31a5
-8934406.7729,2960961.4241,325,,,Leucadendra Drive Triangle,"331 LEUCADENDRA DR, CORAL GABLES, 33156",Coral Gables,33156,305-460-5620,Fabio Rodriguez,Neighborhood Park,0.25,Local,Open Space,Coral Gables,25.69182,-80.25914,900228.187381029,494516.874243278,F4B2097C-AE1D-4AA7-9C2D-4246839B61B0,2021/10/21 15:23:25+00,CoralGablesPark,2024/05/23 17:41:16+00,E327883@miamidade.gov_MDC,PROSM,2024/01/31 10:03:30+00,PROSM,2024/05/29 07:42:53+00,390c8fda-df01-4f3f-b0c7-2bcf1a8d9252
-8926795.5941,2978589.2606,326,0132180200250,ITD37,Little Haiti Park,6301 NE 2nd Ave,Miami,33138,305-960-2933,Sabrina Jackson,Community/Neighborhood,7,Local,Fully Developed,Miami,25.83443,-80.19077,922336.582166411,546332.682638824,19C11362-53B7-446D-A9D1-2AE830F64830,2021/10/21 15:23:25+00,MiamiPark,2024/01/31 09:47:15+00,e304239@miamidade.gov_MDC,PROSM,2024/01/31 10:03:30+00,PROSM,2024/03/05 07:28:25+00,26f16841-1b24-4bcf-9622-9955c463b91e
-8941198.0399,2953517.9319,327,3350220000860,502202,Coral Reef Park,7895 SW 152nd St,Palmetto Bay,33157,305-235-1593,305-235-1593,Community Park,51.3,Local,Fully Developed,Palmetto Bay,25.63155,-80.32015,880160.180626996,472351.928697743,7D942E54-7E58-4DC1-BABE-4DD6A10E325E,2021/10/21 15:23:25+00,PalmettoBayPark,2024/01/31 09:47:15+00,e304239@miamidade.gov_MDC,PROSM,2024/01/31 10:03:19+00,PROSM,2024/03/05 07:28:07+00,21bfe44c-27f4-417e-893d-d8b48d8fbf14
-8927937.6501,2969764.342,328,0102080201010,411253,Triangle Park Miami,420 SW 11th St,Miami,33130,305-960-2946, ,Mini Park,1,Local,Fully Developed,Miami,25.76305,-80.20103,919119.459007494,520369.895981826,5C72ADAB-5244-47FA-BA9F-B086E52F5985,2021/10/21 15:23:25+00,MiamiPark,2024/01/31 09:47:15+00,e304239@miamidade.gov_MDC,PROSM,2024/01/31 10:03:07+00,PROSM,2024/03/05 07:27:48+00,4a608e6f-a8e0-40ed-9987-91ea8c7d907e
-8936928.6486,2977314.3729,329,0431180010880,411252,Triangle Park Hialeah,290 Palm Ave,Hialeah,33010,305-687-2650,Kenneth Soler,Mini Park,1,Local,Fully Developed,Hialeah,25.82412,-80.28179,892415.840826914,542412.030375152,C7590A45-A100-4C04-8C7C-DD3E8AB59DCB,2021/10/21 15:23:25+00,HialeahPark,2024/01/31 09:47:15+00,e304239@miamidade.gov_MDC,PROSM,2024/01/31 10:03:31+00,PROSM,2024/03/05 07:28:27+00,551e725d-33a1-42ea-b8ab-66e33c854fbb
-8930082.7814,2986246.8833,330,0621260000030,212650,Ben Franklin Park,13100 NW 12 Ave,North Miami,33168,305-895-9840, ,Community/Neighborhood,6,Local,Fully Developed,North Miami,25.89633,-80.2203,912489.965048663,568772.164662659,A98B15D6-8ABE-4C87-AC94-B1184395B9C1,2021/10/21 15:23:25+00,NorthMiamiPark,2024/01/31 09:47:15+00,e304239@miamidade.gov_MDC,PROSM,2024/01/31 10:03:23+00,PROSM,2024/03/05 07:28:14+00,644f0554-3d93-48ac-8893-143014077373
-8940932.2516,2987244.9387,331,3220230081580,202316,ML Tax Dist.- (p-31),7255 Poinciana Ct,Miami Lakes,33014,305-698-9308, ,Mini Park,0,Local,Undeveloped,Miami Lakes,25.90439,-80.31777,880433.49241633,571525.027595237,8FB412A5-ABA9-4941-947B-44C00878B1AA,2021/10/21 15:23:25+00,MiamiLakesPark,2024/01/31 09:47:15+00,e304239@miamidade.gov_MDC,PROSM,2024/01/31 10:03:35+00,PROSM,2024/03/05 07:28:34+00,852ff5d1-0822-4ed6-aa7c-1c0c6fa8c047
-8926463.1504,2981086.6446,332,1832070490490,320654,El Portal Tot Lot,500 NE 87th St,El Portal,33138,305-795-7880, ,Community/Neighborhood,0,Local,Fully Developed,El Portal,25.85462,-80.18778,923273.541906662,553677.390718408,09470B77-9866-48DD-AF1B-3530FF42CA31,2021/10/21 15:23:25+00,ElPortalPark,2024/01/31 09:47:15+00,e304239@miamidade.gov_MDC,PROSM,2024/01/31 10:03:31+00,PROSM,2024/03/05 07:28:28+00,75da0f37-5c0c-4ae3-9b37-43a342a6dd36
-8919071.3496,2990404.5068,333,3122140000050,221450,Newport Fishing Pier,16501 Collins Ave,Sunny Isles Beach,33160,305-792-1706,305-792-1706,Special Tax,0.47647346019,Area-Wide,Fully Developed,Sunny Isles Beach,25.92992,-80.12138,944928.141970079,581188.189699322,6CAD0516-8BA1-4648-A629-57D923FB165C,2021/10/21 15:23:25+00,SunnyIslesBeachPark,2024/01/31 09:47:15+00,e304239@miamidade.gov_MDC,PROSM,2024/01/31 10:03:29+00,PROSM,2024/03/05 07:28:24+00,ac456c9f-a6dd-445d-a338-fdd3f8827322
-8935719.4261,2967962.949,334,,,Balboa Plaza,"2405 De Soto Blvd, CORAL GABLES, 33134",Coral Gables,33134,305-460-5620,Fabio Rodriguez,Community Park,0.1,Local,Open Space,Coral Gables,25.74849,-80.27094,896238.574134349,514996.432169807,F0026CB0-28F3-4D21-82E5-90B419B4D367,2024/05/03 12:40:29+00,CoralGablesPark,2024/05/21 20:41:22+00,E327883@miamidade.gov_MDC,PROSM,2024/05/03 21:00:23+00,PROSM,2024/05/29 07:42:50+00,0f222808-ff0d-4c1c-a93e-c0d787862af7
-8924100.2921,2960710.7247,335,2452050010120,ITD62,Key Biscayne K-8 Center Field,601 Ridgewood Rd,Village Of Key Biscayne,33149,305-365-8900, ,Special Activity Park,1.78,Local,Fully Developed,Village Of Key Biscayne,25.68979,-80.16655,930633.151531246,493809.607567072,C769BCE4-A4E1-4A71-8465-65720BF08D94,2021/10/21 15:23:25+00,KeyBiscaynePark,2024/01/31 09:47:15+00,e304239@miamidade.gov_MDC,PROSM,2024/01/31 10:03:23+00,PROSM,2024/03/05 07:28:15+00,1e1fb9a1-578c-4512-bd8a-a87d5fc62efd
-8940306.1456,2987906.4647,336,3220230130090,202322,ML Tax Dist.- (p-39),6880 Miami Lakes Dr,Miami Lakes,33014,305-698-9308, ,Mini Park,0,Local,Mini-Park-Open Space,Miami Lakes,25.90974,-80.31213,882272.212820247,573477.555842407,D7096EA3-0644-4CC6-B892-2451658BCE00,2021/10/21 15:23:25+00,MiamiLakesPark,2024/01/31 09:47:15+00,e304239@miamidade.gov_MDC,PROSM,2024/01/31 10:03:39+00,PROSM,2024/03/05 07:28:41+00,49d043c5-4f59-4b02-bddd-9802e210df0e
-8944707.6566,2975294.0746,337,3530280000010,,MAU Park,"3719 NW 97TH AVE, DORAL, FL, 33172",Doral,33172,305-593-6600,,Mini Park,0.68,Local,Fully Development,Doral,25.80779,-80.35168,869458.572603806,536354.006774541,41FBC3D6-5D47-429A-8939-230755C1C934,2021/10/21 15:23:25+00,DoralPark,2024/01/31 09:47:15+00,e304239@miamidade.gov_MDC,PROSM,2024/01/31 10:03:00+00,PROSM,2024/03/05 07:27:37+00,f6c820c2-0277-4d57-bbda-f30de784719e
-8926606.5019,2970376.4005,338,0102100001040,420653,Brickell Park,501 Brickell Ave,Miami,33131,305-416-1361, ,Nature,2,Local,Fully Developed,Miami,25.76801,-80.18907,923044.050567746,522193.66562824,D2E92ECC-0D52-46A2-9771-25F9F79491C7,2021/10/21 15:23:25+00,MiamiPark,2024/01/31 09:47:15+00,e304239@miamidade.gov_MDC,PROSM,2024/01/31 10:03:06+00,PROSM,2024/03/05 07:27:47+00,7e89b68e-f342-44ce-ac34-0f3f9320f598
-8920679.4518,2995833.4181,339,2812350290010,123553,Waterway Park,3301 NE 213th St,Aventura,33180,305-466-8008, ,Community/Neighborhood,1,Local,Fully Developed,Aventura,25.97377,-80.13582,940075.043736663,597095.51877699,0C352A3A-D9EC-487C-83FF-0AFF4D81CCC7,2021/10/21 15:23:25+00,AventuraPark,2024/01/31 09:47:15+00,e304239@miamidade.gov_MDC,PROSM,2024/01/31 10:03:24+00,PROSM,2024/03/05 07:28:15+00,23688d32-193b-443e-87de-4bcb56bffc59
-8929638.0504,2969209.452,340, ,411151,Cuban Memorial Blvd Park,SW 13th Ave & SW 8th St,Miami,33135,305-960-2946, ,Mini-Park,4.72943657583,Local,Fully Developed,Miami,25.75857,-80.2163,914101.776457578,518708.023649409,A21E32CB-4D79-4B74-94F7-1743FBD14F95,2021/10/21 15:23:25+00,MiamiPark,2024/01/31 09:47:15+00,e304239@miamidade.gov_MDC,PROSM,2024/01/31 10:03:06+00,PROSM,2024/03/05 07:27:46+00,1e08e29a-6398-4921-93a5-3b3dd186642f
-8928705.4088,2992908.3385,341,3421010133730,210101,Cloverleaf Park,301 NW 191st St,Miami Gardens,33169,305-622-8080, ,Community/Neighborhood,1,Local,Fully Developed,Miami Gardens,25.95015,-80.20792,916439.494551163,588358.557576403,5A0FFB06-E684-42DA-836E-FC9E63CACD44,2021/10/21 15:23:25+00,MiamiGardensPark,2024/01/31 09:47:15+00,e304239@miamidade.gov_MDC,PROSM,2024/01/31 10:03:05+00,PROSM,2024/03/05 07:27:46+00,03925b56-5691-48d9-8e05-43fd94f0b6f8
-8940361.4295,2988657.7666,342,3220140091410,201405,ML Tax Dist.- (p-48),6850 Fern Dr,Miami Lakes,33014,305-698-9308, ,Mini Park,0,Local,Undeveloped,Miami Lakes,25.91581,-80.31263,882097.396896914,575683.132796071,58CE041A-8FB7-41FB-B4A4-AD154558F68A,2021/10/21 15:23:25+00,MiamiLakesPark,2024/01/31 09:47:15+00,e304239@miamidade.gov_MDC,PROSM,2024/01/31 10:03:21+00,PROSM,2024/03/05 07:28:12+00,3bd7540d-fad1-4986-8ce2-d43b6c159a6c
-8928155.2166,2985160.6548,343,0621250000110,212550,Rotary-Overbrook Shores Tot-Lot,200 NW 123 Street,North Miami,33168,305-895-9840, ,Mini-Park,0.41736880553,Local,Fully Developed,North Miami,25.88755,-80.20298,918201.979871329,565615.722812824,B93A54AC-DC4E-4C30-88F1-BEEF89B81FF7,2021/10/21 15:23:25+00,NorthMiamiPark,2024/01/31 09:47:15+00,e304239@miamidade.gov_MDC,PROSM,2024/01/31 10:03:41+00,PROSM,2024/03/05 07:28:43+00,63db73f6-1fb9-44c4-a424-c914a2eb2905
-8939184.9912,2986770.6608,344,3220240032740,202401,ML Tax Dist.- (p-02) Lake Patricia,6260 Lake Patricia Dr,Miami Lakes,33014,305-698-9308, ,Mini Park,0,Local,Undeveloped,Miami Lakes,25.90056,-80.30206,885600.62676708,570159.191088073,40C2C861-F07A-41CE-A2A8-1693F84F3BFF,2021/10/21 15:23:25+00,MiamiLakesPark,2024/01/31 09:47:15+00,e304239@miamidade.gov_MDC,PROSM,2024/01/31 10:03:05+00,PROSM,2024/03/05 07:27:45+00,ea680785-5d38-43a1-95ab-3221e0feeae2
-8923582.5455,2962152.6647,345,2442320010010, ,Calusa Park,6702 Crandon Blvd ,Village Of Key Biscayne,33149,305-365-8900,,Community/Neighborhood,9.23780409181,Local,Fully Developed,Village Of Key Biscayne,25.70146,-80.1619,932137.955280162,498061.737514243,6F99A734-B4D9-4054-9204-3C5CC0A5BA02,2017/03/31 19:47:29+00,KeyBiscaynePark,2024/01/31 09:47:15+00,e304239@miamidade.gov_MDC,PROSM,2024/01/31 10:03:17+00,PROSM,2024/03/05 07:28:04+00,f45614ea-6a49-49af-b6e5-2675fdffed8e
-8940002.10609999,2988960.5781,346,3220140091420,201406,ML Tax Dist.- (p-49),NW 67th Ave & N Miami Lakeway,Miami Lakes,331014,305-698-9308, ,Mini Park,0,Local,Undeveloped,Miami Lakes,25.91826,-80.3094,883153.704167496,576577.978447326,90F7EEB0-25B8-48A5-B78E-7F844782E63A,2021/10/21 15:23:25+00,MiamiLakesPark,2024/01/31 09:47:15+00,e304239@miamidade.gov_MDC,PROSM,2024/01/31 10:03:34+00,PROSM,2024/03/05 07:28:33+00,5df43b70-5a2a-481b-be93-8009b4df8369
-8924037.2057,2987501.1872,347,0622200190400,413052,Jaycee Park North Miami,14195 NE 16th Ct,North Miami,33181,305-895-9840, ,Single Purpose Park,0,Local,Fully Developed,North Miami,25.90646,-80.16599,930320.846381579,572566.065539405,8BD0DA44-1346-44D5-BC3A-EEE2CDF228D6,2021/10/21 15:23:25+00,NorthMiamiPark,2024/01/31 09:47:15+00,e304239@miamidade.gov_MDC,PROSM,2024/01/31 10:03:28+00,PROSM,2024/03/05 07:28:22+00,654088ac-3519-4297-9bf9-aa268d116cfd
-8941625.19079999,2947468.6577,348,3660100070810,600300,Saga Lake Park,SW 198th St & SW 83rd Ave,Cutler Bay,33189,305-238-4166, ,Community/Neighborhood,5,Local,Fully Developed,Cutler Bay,25.58254,-80.32399,878986.730217997,454534.833098404,D5FF9123-7DE8-41C1-B525-AF3B6CFEA511,2021/10/21 15:23:25+00,CutlerBayPark,2024/01/31 09:47:15+00,e304239@miamidade.gov_MDC,PROSM,2024/01/31 10:03:01+00,PROSM,2024/03/05 07:27:39+00,e56822a0-4592-4c79-8124-cb6a1f1ec333
-8939107.3129,2987111.1669,349,3220240050280,202408,ML Tax Dist.- (p-10),6271 Lake Champlain Ter,Miami Lakes,33014,305-698-9308, ,Mini Park,0,Local,Undeveloped,Miami Lakes,25.90331,-80.30136,885824.693904247,571160.506998822,DCE29BD8-ECB3-4511-84EB-F1AE7E6B49E6,2021/10/21 15:23:25+00,MiamiLakesPark,2024/01/31 09:47:15+00,e304239@miamidade.gov_MDC,PROSM,2024/01/31 10:03:01+00,PROSM,2024/03/05 07:27:39+00,d3cc40c4-d17a-4404-9943-469cabfe81e8
-8931017.2041,2966241.948,350,0141220011571,412250,David T. Kennedy Park,2400 S Bayshore Dr,Miami,33133,305-416-1133, ,Specialized,29,Local,Fully Developed,Miami,25.73455,-80.22869,910075.078802329,509956.81969516,E0DF3BCC-54E9-429B-B38F-3B2CA6321AB8,2021/10/21 15:23:25+00,MiamiPark,2024/01/31 09:47:15+00,e304239@miamidade.gov_MDC,PROSM,2024/01/31 10:03:01+00,PROSM,2024/03/05 07:27:39+00,c50d7599-7cbf-4bb6-98c8-07c6b3efc0ad
-8941114.2044,2987947.549,351,3220230150540,202325,ML Tax Dist.- (p-43),NW 154th St & S Miami Lakeway,Miami Lakes,33014,305-698-9308, ,Mini Park,0,Local,Undeveloped,Miami Lakes,25.91007,-80.31939,879885.46989033,573585.76363124,6EB3F18D-D782-4863-BC4D-01FA0145F563,2021/10/21 15:23:25+00,MiamiLakesPark,2024/01/31 09:47:15+00,e304239@miamidade.gov_MDC,PROSM,2024/01/31 10:03:10+00,PROSM,2024/03/05 07:27:52+00,305f71c6-5d9f-4f04-aff2-5055bf5017e1
-8937812.7838,2961774.9731,352,0940360390020,ITD41,Van Smith Park,7800 SW 59th Ave,South Miami,33143,305-668-3876, ,Community/Neighborhood,1.1,Local,Undeveloped,South Miami,25.6984,-80.28974,890049.385257997,496703.877697155,6E8EEB9A-A010-4C2C-B378-BECC4D722794,2021/10/21 15:23:25+00,SouthMiamiPark,2024/01/31 09:47:15+00,e304239@miamidade.gov_MDC,PROSM,2024/01/31 10:03:22+00,PROSM,2024/03/05 07:28:13+00,a0573d2e-b0b5-4626-806b-fbb81982c6ac
-8925888.9893,2982523.4494,353,1132060172350,320653,Community Center Miami Shores,9617 Park Dr,Miami Shores,33138,305-758-8103, ,Community/Neighborhood,10,Local,Fully Developed,Miami Shores,25.86623,-80.18262,924943.530692663,557909.457057409,87E23CEB-69B7-46AC-8FC2-317A29DE9048,2021/10/21 15:23:25+00,MiamiShoresPark,2024/01/31 09:47:15+00,e304239@miamidade.gov_MDC,PROSM,2024/01/31 10:03:27+00,PROSM,2024/03/05 07:28:21+00,0bb1a3ed-de8c-4f9d-b9cb-82a09c0fef24
-8938131.965,2984662.0478,354,0420360010011,203651,Earnest R. Graham Park Athletic Field,455 W 66Th St,Hialeah,33012,305-824-5721, ,Community/Neighborhood,8,Local,Fully Developed,Hialeah,25.88352,-80.2926,888743.750073995,563982.162431657,B2786B4D-DE09-466F-B775-7B79BDEBF0BD,2021/10/21 15:23:25+00,HialeahPark,2024/01/31 09:47:15+00,e304239@miamidade.gov_MDC,PROSM,2024/01/31 10:03:16+00,PROSM,2024/03/05 07:28:02+00,fc701177-71b2-4c52-841c-755cd6bce713
-8928845.3087,2973055.7488,355,0131350680030,313553,Pine Heights Park,801 NW 15th St,Miami,33136,305-960-2946, ,Community/Neighborhood,0,Local,Fully Developed,Miami,25.78968,-80.20918,916377.796839911,530031.072853655,E266CAD2-51B0-4F5C-8AF2-566656DFC3A3,2021/10/21 15:23:25+00,MiamiPark,2024/01/31 09:47:15+00,e304239@miamidade.gov_MDC,PROSM,2024/01/31 10:03:42+00,PROSM,2024/03/05 07:28:45+00,ac37f009-2801-4538-9c1e-aba14a287ebe
-8936487.71,2963394.176,356,0341300060010,,Jaycee Park,"1230 HARDEE RD, CORAL GABLES, 33146",Coral Gables,33146,305-460-5620,Fabio Rodriguez,Neighborhood Park,1.8,Local,Fully Development,Coral Gables,25.71151,-80.27783,893993.580034023,501493.414088821,3B3F0561-D8D7-46F5-A390-55C40D7E5103,2021/10/21 15:23:25+00,CoralGablesPark,2024/05/13 10:40:12+00,CoralGablesPark,PROSM,2024/01/31 10:03:29+00,PROSM,2024/05/14 15:56:45+00,bbf6a892-e7ea-4bac-96ad-5dfbd3a50bdd
-8928576.5109,2970665.7961,357,0102020301010,410152,Riverside Park,342 SW 7th Ave,Miami,33130,305-960-2946, ,Community/Neighborhood,3,Local,Fully Developed,Miami,25.77035,-80.20676,917214.655730497,523009.147593074,CEE32CF6-F72E-43D1-A3A8-8EAE59F7FE0C,2021/10/21 15:23:25+00,MiamiPark,2024/01/31 09:47:15+00,e304239@miamidade.gov_MDC,PROSM,2024/01/31 10:03:00+00,PROSM,2024/03/05 07:27:37+00,6abe53fb-8625-4a60-ae62-4108813e2e15
-8937477.5659,2961526.6431,358,0940360000520,ITD40,Dison Park,8021 SW 58th Ave,South Miami,33143,305-668-3876, ,Community/Neighborhood,0.6,Local,Undeveloped,South Miami,25.69639,-80.28672,891044.955773413,495978.613071576,E465AA50-B901-456C-9D07-1947DF2BD155,2021/10/21 15:23:25+00,SouthMiamiPark,2024/01/31 09:47:15+00,e304239@miamidade.gov_MDC,PROSM,2024/01/31 10:03:23+00,PROSM,2024/03/05 07:28:14+00,b924b693-c291-48ef-a75c-fb8f830215e0
-8936498.2335,2976493.5543,359,0531190120290,311950,Deleon Park Triangle,De Leon Dr & Morningside Dr,Miami Springs,33166,305-805-5075,305-805-5075,Mini-Park,0.20333777036,Local,Fully Developed,Miami Springs,25.81748,-80.27793,893700.979004662,540006.546012908,EE74E08F-E0EA-4136-8D6B-C1134F0C78F1,2021/10/21 15:23:25+00,MiamiSpringsPark,2024/01/31 09:47:15+00,e304239@miamidade.gov_MDC,PROSM,2024/01/31 10:03:30+00,PROSM,2024/03/05 07:28:26+00,50f3bfbe-25af-40ad-bef1-9502258bfbfe
-8939455.9029,2989415.6252,360,3220130042450,201304,ML Tax Dist.- (p-58),6349 Jack Rabbit Ln,Miami Lakes,33014,305-698-9308, ,Mini Park,0,Local,Undeveloped,Miami Lakes,25.92193,-80.3045,884759.382714663,577922.813684158,34538A55-6E92-49A6-A223-58CB4F8EFEEB,2021/10/21 15:23:25+00,MiamiLakesPark,2024/01/31 09:47:15+00,e304239@miamidade.gov_MDC,PROSM,2024/01/31 10:03:33+00,PROSM,2024/03/05 07:28:31+00,483c8421-3fbc-49d1-99f3-7d2a74050fb5
-8939712.9903,2987139.6608,361,3220240032790,202406,ML Tax Dist.- (p-07),14320 Lake Saranac Ave (Triangle),Miami Lakes,33014,305-698-9308, ,Mini Park,1,Local,Undeveloped,Miami Lakes,25.90354,-80.30681,884035.647285495,571234.704028904,77F81DCC-766A-4A5B-8133-CEC23DFADE63,2021/10/21 15:23:25+00,MiamiLakesPark,2024/01/31 09:47:15+00,e304239@miamidade.gov_MDC,PROSM,2024/01/31 10:03:39+00,PROSM,2024/03/05 07:28:41+00,0499f671-75f8-4d73-9316-83b1e12cbf4d
-8919127.1572,2983344.8186,362,1422350050500,320250,Veterans Park & Tennis Center,8750 Collins Ave,Surfside,33154,305-861-4863, ,Special Activity Park,1,Area-Wide,Fully Developed,Surfside,25.87287,-80.12188,944902.202061329,560451.550070323,80FDA129-F46E-4DAB-9BD5-A4A069AF40EC,2021/10/21 15:23:25+00,SurfsidePark,2024/01/31 09:47:15+00,e304239@miamidade.gov_MDC,PROSM,2024/01/31 10:03:04+00,PROSM,2024/03/05 07:27:43+00,2ecf1515-64cf-45ad-a56a-f3cb6cacf48e
-8943341.4461,2987539.7272,363,3220220110490,202219,ML Tax Dist.- (p-82),14708 Breckness Pl,Miami Lakes,33016,305-698-9308, ,Mini Park,1,Local,Undeveloped,Miami Lakes,25.90677,-80.3394,873314.71236258,572354.391422071,AA7A5EEC-D13E-4FA5-A69A-A2F4E3970C69,2021/10/21 15:23:25+00,MiamiLakesPark,2024/01/31 09:47:15+00,e304239@miamidade.gov_MDC,PROSM,2024/01/31 10:03:27+00,PROSM,2024/03/05 07:28:21+00,8ca2b967-6436-4e9a-b96c-80fd2f2096fd
-8939159.8945,2987769.7606,364,3220240110110,202413,ML Tax Dist..- (p-33),15200 Miami Lakeway S,Miami Lakes,33014,305-698-9308, ,Mini Park,1,Local,Undeveloped,Miami Lakes,25.90863,-80.30184,885659.119104162,573093.958840571,3B95D97B-4B02-48F7-8659-E928B93C0F66,2021/10/21 15:23:25+00,MiamiLakesPark,2024/01/31 09:47:15+00,e304239@miamidade.gov_MDC,PROSM,2024/01/31 10:03:28+00,PROSM,2024/03/05 07:28:23+00,b9f27131-9a6b-4d1f-904c-68f381b02d72
-8937970.6967,2982033.4989,365,0430010030200,ITD02,K.C. Park,W 4th Ave & W 44th Pl,Hialeah,33012,305-687-2650, ,Community/Neighborhood,0.1,Local,Fully Developed,Hialeah,25.86227,-80.29115,889261.757568162,556262.588303909,065CA7C5-9925-44BD-B1E3-129354029B2E,2021/10/21 15:23:25+00,HialeahPark,2024/01/31 09:47:15+00,e304239@miamidade.gov_MDC,PROSM,2024/01/31 10:03:29+00,PROSM,2024/03/05 07:28:23+00,e89c1134-6a47-4bbe-abd4-73b5bee01fab
-8958621.9622,2935537.6113,366,1079070210380,790751,William F. Dickinson Community Center,1601 N Krome Ave,Homestead,33030,305-245-4934, ,Single Purpose,2.67809443304,Local,Fully Developed,Homestead,25.48583,-80.47667,828798.178036246,419158.885805823,28FA7869-DBAE-4749-85FB-BF5CF195CFAF,2021/10/21 15:23:25+00,HomesteadPark,2024/01/31 09:47:15+00,e304239@miamidade.gov_MDC,PROSM,2024/01/31 10:03:18+00,PROSM,2024/03/05 07:28:06+00,30142d51-f756-4835-832e-a6ace5fbdacd
-8935552.3587,2965356.4424,367,0341200222650,,Blue Road Open Space,"757 BLUE RD, CORAL GABLES, 33146",Coral Gables,33146,305-460-5620,Fabian Rodriguez,Neighborhood Park,0.41,Local,Open Space,Coral Gables,25.72739,-80.26943,896861.943349228,507307.652207104,8799D798-E4A5-4222-B78C-7A4594DC54A0,2021/10/21 15:23:25+00,CoralGablesPark,2024/05/23 17:21:45+00,E327883@miamidade.gov_MDC,PROSM,2024/01/31 10:03:33+00,PROSM,2024/05/29 07:42:50+00,66923055-779b-42c9-b2df-29b5a823b28a
-8926828.8901,2975692.503,368,0132190000010,312550,Woodson Mini Park/M. Design,NE 2nd Ave & NE 36th St,Miami,33137,305-960-2946, ,Mini Park,0,Local,Fully Developed,Miami,25.81101,-80.19107,922290.560276829,537818.313512743,0E610ECD-F7BD-4241-A3C1-1D5BF2A7A40D,2021/10/21 15:23:25+00,MiamiPark,2024/01/31 09:47:15+00,e304239@miamidade.gov_MDC,PROSM,2024/01/31 10:03:14+00,PROSM,2024/03/05 07:28:00+00,34af3f80-09e3-4772-af58-ac941b52a7cf
-8958371.4108,2934748.828,369,1079070330220,781550,Angelo Mistretta Park,155 NE 9th Ct,Homestead,33030,305-224-4570, ,Community/Neighborhood,1,Local,Fully Developed,Homestead,25.47943,-80.47442,829549.817280997,416837.096814238,9F7C44B1-A670-4A20-A978-EEE4DB601A04,2021/10/21 15:23:25+00,HomesteadPark,2024/01/31 09:47:15+00,e304239@miamidade.gov_MDC,PROSM,2024/01/31 10:03:36+00,PROSM,2024/03/05 07:28:36+00,ce0b87c0-1e6f-444d-9df5-22d4836bcce0
-8939034.9698,2968588.2586,370,1540120510100, ,West Miami - Tot Lot,6447 SW 18th Ter,West Miami,33155,305-261-5566,,Mini-Park/Tot Lot,0.15355337715,Local,Open Space,West Miami,25.75358,-80.30067,886341.920231994,516739.252980657,E91FCD37-914D-463B-8E60-D5B53E2B60C2,2021/10/21 15:23:25+00,WestMiamiPark,2024/01/31 09:47:15+00,e304239@miamidade.gov_MDC,PROSM,2024/01/31 10:03:22+00,PROSM,2024/03/05 07:28:13+00,ff623db2-2b87-4485-bbd8-635fd9dfeb14
-8930201.3201,2986529.0018,371,0621230000180,212350,Claude Pepper Park,1255 NW 135th St,North Miami,33167,305-685-2265, ,Community/Neighborhood,14,Local,Fully Developed,North Miami,25.89861,-80.22136,912134.969039496,569598.730922908,BCF3F555-0F3E-4A9F-927A-9893C3CE0041,2021/10/21 15:23:25+00,NorthMiamiPark,2024/01/31 09:47:15+00,e304239@miamidade.gov_MDC,PROSM,2024/01/31 10:03:41+00,PROSM,2024/03/05 07:28:44+00,81d24abf-5add-49bb-9ebe-2cb223f0ef11
-8942940.1858,2947190.8032,372,3660090000020,600901,Franjo Park,20175 Franjo Rd,Cutler Bay,33189,305-238-4166, ,Single Purpose Park,5,Local,Fully Developed,Cutler Bay,25.58029,-80.33581,875097.131697994,453696.92138841,040837EB-5A9B-4691-B13E-77A7409DCA49,2021/10/21 15:23:25+00,CutlerBayPark,2024/01/31 09:47:15+00,e304239@miamidade.gov_MDC,PROSM,2024/01/31 10:03:34+00,PROSM,2024/03/05 07:28:33+00,f2675280-47fa-41f7-b84b-eb8b69b0f3cc
-8925541.3339,2984270.7234,373,1722310460010,313656,Ed Burke Recreation Center,11400 NE 9th Ct,Biscayne Park,33161,305-893-3711, ,Community/Neighborhood,4,Local,Fully Developed,Biscayne,25.88036,-80.1795,925938.438151661,563049.064560324,7D6A7E85-79DD-48C5-A7AB-E662F35040EB,2021/10/21 15:23:25+00,BiscayneParkPark,2024/01/31 09:47:15+00,e304239@miamidade.gov_MDC,PROSM,2024/01/31 10:03:20+00,PROSM,2024/03/05 07:28:09+00,a3896fb3-2500-4bb9-92d0-005d337357d1
-8931508.0345,2987390.8717,374,0821220080360,212251,Ingram Park,2100 Burlington St,Opa Locka,33054,305-769-6102, ,Community/Neighborhood,8,Local,Fully Developed,Opa Locka,25.90557,-80.2331,908261.16117033,572107.399790071,7E7FEB01-D791-4E77-A119-148FB9CB0884,2021/10/21 15:23:25+00,OpaLockaPark,2024/01/31 09:47:15+00,e304239@miamidade.gov_MDC,PROSM,2024/01/31 10:03:39+00,PROSM,2024/03/05 07:28:41+00,6c94b456-5d57-4854-a494-a1c4983953c3
-8927012.2214,2969957.61,375,0102070201070,420652,Brickell Plaza Mini Park,25 SE 10th St,Miami,33131,305-960-2946, ,Mini Park,0,Local,Fully Developed,Miami,25.76462,-80.19272,921852.094618328,520954.872174077,2BED085E-FA38-49D7-94AC-B99411333889,2021/10/21 15:23:25+00,MiamiPark,2024/01/31 09:47:15+00,e304239@miamidade.gov_MDC,PROSM,2024/01/31 10:03:44+00,PROSM,2024/03/05 07:28:48+00,d41138bc-138c-4b27-9c5b-338b481bedc9
-8922043.92509999,2973219.8092,376,0232330040130,323350,Belle Isle Park,52 Venetian Cswy,Miami Beach,33139,305-861-3616,305-673-7779,Community/Neighborhood,3,Local,Undeveloped,Miami Beach,25.79101,-80.14808,936479.170679078,530638.78981407,45D8B4C1-C99F-4AEF-88FE-DE1029F40E2B,2021/10/21 15:23:25+00,MiamiBeachPark,2024/01/31 09:47:15+00,e304239@miamidade.gov_MDC,PROSM,2024/01/31 10:03:07+00,PROSM,2024/03/05 07:27:48+00,5125bddf-91a2-44df-9c8f-1dfbd2e4197d
-8940893.08199999,2986969.6543,377,3220230081300,202314,ML Tax Dist.- (p-29),14170 Leaning Pine Dr,Miami Lakes,33014,305-698-9308, ,Mini Park,0,Local,Undeveloped,Miami Lakes,25.90217,-80.31741,880553.369473163,570717.106966987,EF6DE40D-80C1-42F5-AC3E-A7BFE30362C9,2021/10/21 15:23:25+00,MiamiLakesPark,2024/01/31 09:47:15+00,e304239@miamidade.gov_MDC,PROSM,2024/01/31 10:03:41+00,PROSM,2024/03/05 07:28:44+00,03a0b711-066f-49d2-95ac-5f9fc6583926
-8941012.47379999,2989086.8056,378,3220140041940,201401,ML Tax Dist.- (p-01),16110 W Troon Cir,Miami Lakes,33014,305-698-9308, ,Mini Park,0,Local,Undeveloped,Miami Lakes,25.91927,-80.31848,880168.475885995,576933.051884159,7DF628C7-4CF5-4698-B220-200E8FC1E8E3,2021/10/21 15:23:25+00,MiamiLakesPark,2024/01/31 09:47:15+00,e304239@miamidade.gov_MDC,PROSM,2024/01/31 10:03:44+00,PROSM,2024/03/05 07:28:48+00,6440f13c-7dda-4590-8390-2ecafdc77d09
-8923788.76699999,2961175.139,379,2442320020131,423250,Village Green Park,390 Crandon Blvd,Village Of Key Biscayne,33149,305-365-8900,305-365-8900,Community/Neighborhood,9,Local,Fully Developed,Village Of Key Biscayne,25.69355,-80.16376,931546.127395578,495181.863352738,D645C011-8C2C-4D3A-8DF7-DE39B64470AE,2021/10/21 15:23:25+00,KeyBiscaynePark,2024/01/31 09:47:15+00,e304239@miamidade.gov_MDC,PROSM,2024/01/31 10:03:27+00,PROSM,2024/03/05 07:28:21+00,3ab06be9-7ca5-4825-9dec-9fbc3814df8f
-8957962.81349999,2933142.483,380,1079180000190,791851,Pioneer BMX Park,305 SE 6th Ave,Homestead,33030,305-224-4570, ,Single Purpose Park,2,Local,Fully Developed,Homestead,25.46641,-80.47075,830779.49723633,412107.270972073,A5719FF7-2184-4BC2-A283-8246AD7A06B7,2021/10/21 15:23:25+00,HomesteadPark,2024/01/31 09:47:15+00,e304239@miamidade.gov_MDC,PROSM,2024/01/31 10:03:07+00,PROSM,2024/03/05 07:27:48+00,7084a582-acf7-443b-a883-3dcf1c7b36fc
-8945811.51689999,2974804.5609,381,3530291141780,ITD57,Veterans Park - Doral,10190 NW 33rd St,Doral,33172,305-593-6600,305-593-6600,Community Park,1.35,Local,Fully Developed,Doral,25.80382,-80.3616,866202.520222161,534899.788837992,BADA55AD-E322-4008-996B-5F517CEDCBE7,2021/10/21 15:23:25+00,DoralPark,2024/01/31 09:47:15+00,e304239@miamidade.gov_MDC,PROSM,2024/01/31 10:03:39+00,PROSM,2024/03/05 07:28:41+00,61954c66-b34b-4bad-82d1-75b373cdadd4
-8925945.60699999,2982492.5896,382,1132060172290,320653,Ed Abdella Field House/Athletics,9825 Park Drive,Miami Shores,33138,305-758-6701, ,Community/Neighborhood,0.45370710935,Local,Fully Developed,Miami Shores,25.86598,-80.18314,924776.843690079,557817.749891742,6B6AA391-E55B-42B7-BE10-6A626D4E8FAC,2021/10/21 15:23:25+00,MiamiShoresPark,2024/01/31 09:47:15+00,e304239@miamidade.gov_MDC,PROSM,2024/01/31 10:03:04+00,PROSM,2024/03/05 07:27:43+00,c6dc6312-565a-4579-abc2-5f09e00c483f
-8938936.58339999,2978455.9515,383,0530130350410,301350,South Bass Park,Bluebird Ave / Lenape Dr,Miami Springs,33166,305-805-5075,,Mini-Park - Line Path,0.33949791545,Local,Fully Developed,Miami Springs,25.83335,-80.29983,886464.452467244,545734.991576992,0436088D-58A0-430E-9646-7B62C2C05FED,2021/10/21 15:23:25+00,MiamiSpringsPark,2024/01/31 09:47:15+00,e304239@miamidade.gov_MDC,PROSM,2024/01/31 10:03:11+00,PROSM,2024/03/05 07:27:55+00,bfb90498-fd5c-4719-8cf5-e829fdb73b7a
-8955630.98299999,2934136.1968,384,1079170171020,ITD03,Dunwoodie Park,NE 4th Ct & NE 20th Ave,Homestead,33033,305-224-4570, ,Community/Neighborhood,0,Local,Undeveloped,Homestead,25.47447,-80.4498,837678.486062996,415064.251606658,7A734D1A-6D54-46A4-8F3A-9728D861C552,2021/10/21 15:23:25+00,HomesteadPark,2024/01/31 09:47:15+00,e304239@miamidade.gov_MDC,PROSM,2024/01/31 10:03:17+00,PROSM,2024/03/05 07:28:04+00,a800710c-dc94-4719-bdc0-7ebd8a131140
-8931986.47009999,2988747.9818,385,3421150040290,211501,Bunche Park Tennis and Pool,15600 Bunche Park Dr,Miami Gardens,33054,305-622-8080, ,Community/Neighborhood,7.12886179545,Local,Fully Developed,Miami Gardens,25.91654,-80.2374,906825.141076494,576084.837045155,2924AEA9-1413-4E69-940D-B2F54B34935A,2021/10/21 15:23:25+00,MiamiGardensPark,2024/01/31 09:47:15+00,e304239@miamidade.gov_MDC,PROSM,2024/01/31 10:03:41+00,PROSM,2024/03/05 07:28:44+00,2e030c16-a827-457e-b056-f527be8835c3
-8920670.31199999,2973780.8002,386,0232270000090,323450,Miami Botanical Garden/Holocaust Memorial,2000 Convention Center Dr,Miami Beach,33139,305-538-1663, ,Special Activity Park,5,Area-Wide,Fully Developed,Miami Beach,25.79554,-80.13574,940528.644207411,532314.456738323,257CC9F3-8609-4653-9059-0E0DBE9899EF,2021/10/21 15:23:25+00,MiamiBeachPark,2024/01/31 09:47:15+00,e304239@miamidade.gov_MDC,PROSM,2024/01/31 10:03:16+00,PROSM,2024/03/05 07:28:03+00,a3f13604-fd09-456f-affd-9199794b7ea5
-8936968.14069999,2962807.2257,387,0341300091620,413051,"William H. Kerdyk, Jr., and Family Park","6611 YUMURI ST, CORAL GABLES, 33146",Coral Gables,33146,305-460-5600,Fabio Rodriguez,Community/Neighborhood,3,Local,Fully Developed,Coral Gables,25.70676,-80.28215,892403.184676243,499786.311624037,B92F06FA-0659-4D4B-B250-D501E892E3A8,2021/10/21 15:23:25+00,CoralGablesPark,2024/05/08 11:22:27+00,CoralGablesPark,PROSM,2024/01/31 10:03:02+00,PROSM,2024/05/14 15:56:42+00,f9888a51-2b1f-4ed3-b9ff-7f9dbfb152ce
-8936138.61619999,2968469.2949,388,0341080015850,410752,Granada Golf Course,"2001 GRANADA BLVD, CORAL GABLES, 33134",Coral Gables,33134,305-460-5620,Fabio Rodriguez,Special Activity Park,59,Local,Open Space,Coral Gables,25.75258,-80.2747,894894.06417746,516422.101517294,B760F4BE-04A5-4253-ABA5-1E765EA2B89A,2021/10/21 15:23:25+00,CoralGablesPark,2024/05/06 12:47:53+00,CoralGablesPark,PROSM,2024/01/31 10:03:29+00,PROSM,2024/05/06 21:26:44+00,7f51d710-0c6f-4620-92b0-a2b2ab5c7300
-8942639.24189999,2975797.5861,389,,,White Course Park,"8425 NW 41ST ST, DORAL, FL, 33166",Doral,33166,305-593-6638,,Community/Neighborhood,3,Local,Fully Development,Doral,25.81186,-80.3331,875752.074889326,538089.374040433,E97C6CC9-0D2D-4662-85C7-7C41584562D1,2021/10/21 15:23:25+00,DoralPark,2024/01/31 09:47:15+00,e304239@miamidade.gov_MDC,PROSM,2024/01/31 10:03:00+00,PROSM,2024/03/05 07:27:37+00,92754269-94d6-4d3b-a2af-68f339ec1ccd
-8935970.82599999,2967617.8247,390,0341180010500,411853,Venetian Pool,"2701 DE SOTO BLVD, CORAL GABLES, 33134",Coral Gables,33134,305-460-5620,Fabian Rodriguez,Single Purpose Park,1.45,Local,Fully Developed,Coral Gables,25.74569,-80.27319,895359.622929088,513939.687599523,127EF053-8916-442D-AA97-7E63B689ACA2,2021/10/21 15:23:25+00,CoralGablesPark,2024/05/07 19:43:32+00,CoralGablesPark,PROSM,2024/01/31 10:03:02+00,PROSM,2024/05/08 09:13:35+00,9f21c1dd-d5cb-4ba2-8a2a-a7f99a820412
-8939660.47419999,2986864.29,391,3220240032770,202404,ML Tax Dist.- (p-05),14028 Lake Saranac Ave,Miami Lakes,33014,305-698-9308, ,Mini Park,0,Local,Undeveloped,Miami Lakes,25.90132,-80.30633,884195.007859163,570426.741077907,669DF891-C8DC-4F1D-9F22-822F96F1AF23,2021/10/21 15:23:25+00,MiamiLakesPark,2024/01/31 09:47:15+00,e304239@miamidade.gov_MDC,PROSM,2024/01/31 10:03:40+00,PROSM,2024/03/05 07:28:42+00,0073710e-90fc-4ea5-b5fe-ee80529ae635
-8920219.48459999,2977584.1738,392,0232220221810,322250,Fisher Park,W 51st St & Alton Rd,Miami Beach,33140,305-861-3616,305-673-7730,Community/Neighborhood,2,Local,Fully Developed,Miami Beach,25.82631,-80.1317,941806.494998161,543348.201074988,1B28C89E-0BEB-4AF7-8C3B-79A4F835AEB9,2021/10/21 15:23:25+00,MiamiBeachPark,2024/01/31 09:47:15+00,e304239@miamidade.gov_MDC,PROSM,2024/01/31 10:03:08+00,PROSM,2024/03/05 07:27:49+00,bfdd2710-ca01-471d-ba1c-9e4dd8c67d68
-8925578.03349999,2980911.0227,393,0132070031550,320751,Biscayne Heights Mini Park Triangle,E Dixie Hwy & NE 8th Ct,Miami,33138,305-960-2946, ,Mini-Park,0.18358926096,Local,Undeveloped,Miami,25.8532,-80.17983,925891.68791708,553177.604644492,93312377-DFB0-43B9-BFA8-DAF08E105836,2021/10/21 15:23:25+00,MiamiPark,2024/01/31 09:47:15+00,e304239@miamidade.gov_MDC,PROSM,2024/01/31 10:03:38+00,PROSM,2024/03/05 07:28:40+00,5800c29e-133c-4706-ad74-a72e0d7a2497
-8931080.32619999,2968809.5805,394,0141100340030,411051,Shenandoah Park,1800 SW 21St Ave,Miami,33145,305-859-2702,ADINA DIAZ,Community/Neighborhood,9,Local,Fully Developed,Miami,25.75533,-80.22926,909844.283660244,517506.999476656,E9AE785C-0FCC-4675-AE60-62E0DE519094,2021/10/21 15:23:25+00,MiamiPark,2024/01/31 09:47:15+00,e304239@miamidade.gov_MDC,PROSM,2024/01/31 10:03:30+00,PROSM,2024/03/05 07:28:27+00,f34f0554-4193-4eb9-9ba7-59e0eb469ced
-8930025.43419999,2971624.7749,395,0141020040010,410252,Marlins Park Stadium,501 Marlins Way,Miami,33125,305-960-2946, ,Special Activity,30.85673033642,Area-Wide,Undeveloped,Miami,25.77811,-80.21978,912914.354619827,525803.198763489,42098A08-FB8C-441B-BA50-2F2BCE34B134,2021/10/21 15:23:25+00,MiamiPark,2024/01/31 09:47:15+00,e304239@miamidade.gov_MDC,PROSM,2024/01/31 10:03:02+00,PROSM,2024/03/05 07:27:41+00,da1b2441-2b7e-41c7-b34f-263d900fa3d8
-8927459.28379999,2968861.565,396,0141390920030, ,1814 Brickell Park,1814 Brickell Ave,Miami,33129,305-416-1300,,Community/Neighborhood,0.840485,Local,Open Space,Miami,25.75575,-80.19673,920549.969269827,517723.778242573,AD8965DE-0302-40E7-9C3B-2C33F76C2E45,2021/10/21 15:23:25+00,MiamiPark,2024/01/31 09:47:15+00,e304239@miamidade.gov_MDC,PROSM,2024/01/31 10:03:13+00,PROSM,2024/03/05 07:27:58+00,7c9a5b23-f6ac-4f45-bc84-152e282d8673
-8930139.48389999,2993190.7267,397,3421020040020,210201,North Dade Optimists Club,19455 NW 12th Ave,Miami Gardens,33169,305-622-8080, ,Single Purpose Park,4,Local,Fully Developed,Miami Gardens,25.95243,-80.22081,912201.265166745,589162.220667243,A8FB6C22-543E-4F33-944F-FFD9EE850015,2021/10/21 15:23:25+00,MiamiGardensPark,2024/01/31 09:47:15+00,e304239@miamidade.gov_MDC,PROSM,2024/01/31 10:03:25+00,PROSM,2024/03/05 07:28:17+00,42c7b98c-b637-4410-a998-b489b149660f
-8919123.48349999,2993321.5715,398,3122020090170,ITD25,Golden Shores Community Park,201 191st Ter,Sunny Isles Beach,33160,305-792-1706,305-792-1706,Neighborhood Park,0,Local,Undeveloped,Sunny Isles Beach,25.95348,-80.12185,944716.787077829,589752.203411154,00F454D2-5B5E-4D08-8102-95B711EC18E0,2021/10/21 15:23:25+00,SunnyIslesBeachPark,2024/01/31 09:47:15+00,e304239@miamidade.gov_MDC,PROSM,2024/01/31 10:03:12+00,PROSM,2024/03/05 07:27:55+00,33bccefb-e889-4d4d-b514-281c460fee07
-8920978.17699999,2980739.8456,399,0232100020710,321052,Normandy Isle Park & Pool,7030 Trouville Esplanade,Miami Beach,33141,305-993-2021,305-993-2021,Community/Neighborhood,3,Local,Fully Developed,Miami Beach,25.85182,-80.13851,939484.680744164,552761.596290156,2CD7BB43-63DA-4537-84C0-D68CAED42B4A,2021/10/21 15:23:25+00,MiamiBeachPark,2024/01/31 09:47:15+00,e304239@miamidade.gov_MDC,PROSM,2024/01/31 10:03:07+00,PROSM,2024/03/05 07:27:47+00,c955d386-eb60-4d42-ba71-3806aec7f3f4
-8927114.06079999,2981877.7484,400,1132060132940,310150,Memorial Park - Miami Shores,NE 94th St & NE 2nd Ave,Miami Shores,33138,305-758-8103, ,Mini-Park,0.7862285234,Local,Undeveloped,Miami Shores,25.86101,-80.19363,921336.273143411,555989.972051241,DDD5D424-D403-4F04-B789-4E4EFCBA52AF,2021/10/21 15:23:25+00,MiamiShoresPark,2024/01/31 09:47:15+00,e304239@miamidade.gov_MDC,PROSM,2024/01/31 10:03:05+00,PROSM,2024/03/05 07:27:45+00,b7acd1db-47d8-44e6-8019-8e8592d6f0fd
-8938150.23759999,2979649.2757,401,0430120390010,301252,Cotson Park,574 W 23rd St,Hialeah,33010,305-884-3729,William Sanchez,Neighborhood Park,3,Local,Fully Developed,Hialeah,25.843,-80.29277,888769.086637497,549254.184341744,1FB35FEB-4E10-4436-90C6-0EE9FFA46DA0,2021/10/21 15:23:25+00,HialeahPark,2024/01/31 09:47:15+00,e304239@miamidade.gov_MDC,PROSM,2024/01/31 10:03:22+00,PROSM,2024/03/05 07:28:13+00,2e84995e-a5b0-4c77-a4a2-8fc9a2cecbc4
-8936588.32339999,2967815.0031,402,0341180011810,,Salvadore Park,"1120 ANDALUSIA AVE, CORAL GABLES, 33134",Coral Gables,33134,305-460-5620,Fabio Rodriguez,Neighborhood Park,0.32,Local,Open Space,Coral Gables,25.74729,-80.27874,893788.872107544,514519.436663077,B600AD1C-42F1-4D66-90A5-2DC1BF42D3CF,2021/10/21 15:23:25+00,CoralGablesPark,2024/05/07 14:42:17+00,CoralGablesPark,PROSM,2024/01/31 10:03:19+00,PROSM,2024/05/08 09:13:34+00,8a19d089-c52c-4a11-b55f-777d076a9932
-8930370.84919999,2970996.5303,403, ,410351,Plaza de la Cubanidad,W Flagler St & SW 17th Ave,Miami,33135,305-960-2946, ,Special Activity Park,0,Area-Wide,Fully Developed,Miami,25.77303,-80.2229,911911.496882832,523976.122193074,8FDE58B9-F7CD-44C3-AB5B-D588898C2841,2021/10/21 15:23:25+00,MiamiPark,2024/01/31 09:47:15+00,e304239@miamidade.gov_MDC,PROSM,2024/01/31 10:03:06+00,PROSM,2024/03/05 07:27:46+00,55a7abf0-d93f-4475-8352-f4b0fe0a2bce
-8919391.14149999,2982420.8769,404,0232020020390,320353,Tatum Waterway Park,8050 Byron Ave,Miami Beach,33141,305-673-7730,305-861-3616,Community/Neighborhood,1,Local,Fully Developed,Miami Beach,25.8654,-80.12425,944140.522810411,557731.83503732,D0FE70BA-B1C9-40B1-A4A0-DBB329C9D1C3,2021/10/21 15:23:25+00,MiamiBeachPark,2024/01/31 09:47:15+00,e304239@miamidade.gov_MDC,PROSM,2024/01/31 10:03:08+00,PROSM,2024/03/05 07:27:49+00,4db6c1d5-8919-40da-80e2-05b280cdd9fe
-8934298.31109999,2970229.4258,405,0341050501790,,Rotary Centennial Park,"512 PONCE DE LEON BLVD, CORAL GABLES, 33134",Coral Gables,33134,305-460-5620,Fabio Rodriguez,Neighborhood Park,0.26,Local,Open Space,Coral Gables,25.76682,-80.25818,900308.373567897,521584.061113846,0F96D1EA-6D60-4A46-81BF-86FA316A5240,2021/10/21 15:23:25+00,CoralGablesPark,2024/05/15 15:46:28+00,CoralGablesPark,PROSM,2024/01/31 10:03:17+00,PROSM,2024/05/29 07:42:49+00,1c85ecaf-ccf5-4c02-8d38-fb7efca5a05a
-8933735.84959999,2966885.8082,406,0141160000220,411650,Douglas Park,2795 SW 37th Ave,Miami,33133,305-461-6805,EDDIE QUINTANA,Community/Neighborhood,9,Local,Fully Developed,Miami,25.73976,-80.25312,902024.563735411,511804.241197154,0CFCE337-3AAC-4B97-8C9E-4CBDFCC94D11,2021/10/21 15:23:25+00,MiamiPark,2024/01/31 09:47:15+00,e304239@miamidade.gov_MDC,PROSM,2024/01/31 10:03:32+00,PROSM,2024/03/05 07:28:29+00,ab3d3225-853f-4b4f-b25f-a6ea572eebe9
-8939257.78829999,2988319.9675,407,3220240220690,202421,ML Tax Dist.- (p-60),15341 Turnbull Dr,Miami Lakes,33014,305-698-9308, ,Mini Park,0,Local,Undeveloped,Miami Lakes,25.91308,-80.30272,885361.451720495,574708.30305282,B01925F4-6DC8-4206-90DA-8242590B5C53,2021/10/21 15:23:25+00,MiamiLakesPark,2024/01/31 09:47:15+00,e304239@miamidade.gov_MDC,PROSM,2024/01/31 10:03:45+00,PROSM,2024/03/05 07:28:49+00,e89eea7c-e800-4d18-bae9-d1afceb60e35
-8938850.25619999,2977015.1843,408,0530240040630,302451,Miami Springs Recreation Center,1401 Westward Dr,Miami Springs,33166,305-805-5075,305-805-5075,Community/Neighborhood,4,Local,Fully Developed,Miami Springs,25.8217,-80.29906,886742.10184633,541502.075174071,5D6E2339-6F22-48AC-B59E-47E4A1ACE299,2021/10/21 15:23:25+00,MiamiSpringsPark,2024/01/31 09:47:15+00,e304239@miamidade.gov_MDC,PROSM,2024/01/31 10:03:37+00,PROSM,2024/03/05 07:28:37+00,472e1893-b417-4ade-8685-c7dabe861266
-8934171.89849999,2972924.2182,409,0131320000090,313250,Grapeland Heights Park,1550 NW 37th Ave,Miami,33125,305-960-2960,MIKE MORENO,Community/Neighborhood,23,Local,Fully Developed,Miami,25.78862,-80.25703,900635.01894233,529552.69815424,286B3F1D-0F5F-4418-9BAF-02F7A7A3AD76,2021/10/21 15:23:25+00,MiamiPark,2024/01/31 09:47:15+00,e304239@miamidade.gov_MDC,PROSM,2024/01/31 10:03:06+00,PROSM,2024/03/05 07:27:46+00,8322a3e9-13e6-45c5-9236-866cb0da11d1
-8927230.86119999,2973524.1295,410,,313654,City Cemetery,1800 N Miami Ave,Miami,33136,305-579-6938, ,Special Activity,9.79847733686,Area-Wide,Fully Developed,Miami,25.79347,-80.19469,921776.78866658,531408.994966574,055B96D3-382D-4DD3-B270-166626D72082,2021/10/21 15:23:25+00,MiamiPark,2024/01/31 09:47:15+00,e304239@miamidade.gov_MDC,PROSM,2024/01/31 10:03:22+00,PROSM,2024/03/05 07:28:12+00,180b2819-b8ec-4121-8d85-201aa9e44b78
-8940642.53409999,2988038.1903,411,3220230210850,202329,ML Tax Dist..- (p-62),15181 Loch Isle Dr,Miami Lakes,33014,305-698-9308, ,Mini Park,0,Local,Undeveloped,Miami Lakes,25.9108,-80.31517,881276.870322745,573859.217808738,EAD23BB6-E008-480D-B2C1-3003052E7C44,2021/10/21 15:23:25+00,MiamiLakesPark,2024/01/31 09:47:15+00,e304239@miamidade.gov_MDC,PROSM,2024/01/31 10:03:14+00,PROSM,2024/03/05 07:27:59+00,467ef96e-3ce8-4c11-ad53-a01fb47ebb57
-8923054.86349999,2986884.1113,412,0722210040020,222151,Highland Village Community Center,13621 NE 21st Ave,North Miami Beach,33181,305-948-2928, ,Community/Neighborhood,1,Local,Fully Developed,North Miami Beach,25.90148,-80.15716,933233.397314996,570772.202985406,819D7954-5E89-4671-9186-3535F4BE607D,2021/10/21 15:23:25+00,NorthMiamiBeachPark,2024/01/31 09:47:15+00,e304239@miamidade.gov_MDC,PROSM,2024/01/31 10:03:09+00,PROSM,2024/03/05 07:27:52+00,daa45cfd-a11f-4844-92c2-b59c9846b1f7
-8933701.91759999,2993020.0312,413,3421040161460,210402,Brentwood Park,19405 NW 32nd Ave,Miami Gardens,33056,305-622-8080, ,Community/Neighborhood,10,Local,Undeveloped,Miami Gardens,25.95105,-80.25281,901688.292098247,588599.775925986,879D5DAC-7389-4022-9F30-31DE16A23649,2021/10/21 15:23:25+00,MiamiGardensPark,2024/01/31 09:47:15+00,e304239@miamidade.gov_MDC,PROSM,2024/01/31 10:03:42+00,PROSM,2024/03/05 07:28:45+00,eabdf7a1-3c38-4744-a74d-bcbfb8d1c47b
-8940663.24319999,2987416.0389,414,3220230130070,202320,ML Tax Dist.- (p-37),14480 Dade Pine Ave,Miami Lakes,33014,305-698-9308, ,Mini Park,0,Local,Open Space,Miami Lakes,25.90578,-80.31535,881225.25953358,572031.688655406,99EA5A66-819F-4A12-A4E2-3430E367D707,2021/10/21 15:23:25+00,MiamiLakesPark,2024/01/31 09:47:15+00,e304239@miamidade.gov_MDC,PROSM,2024/01/31 10:03:36+00,PROSM,2024/03/05 07:28:36+00,bd693ea8-df2b-460a-acfc-537a7d9586eb
-8925136.63419999,2982870.1759,415,1122300010500,ITD48,Miami Shores Aquatic Center ,10200 Biscayne Blvd,Miami Shores,33138,305-893-7241, ,Mini Park,0,Local,Undeveloped,Miami Shores,25.86904,-80.17586,927159.624685664,558942.021593324,36176B36-2326-407E-8957-2CCD19AB47F4,2021/10/21 15:23:25+00,MiamiShoresPark,2024/01/31 09:47:15+00,e304239@miamidade.gov_MDC,PROSM,2024/01/31 10:03:25+00,PROSM,2024/03/05 07:28:17+00,f763d21e-bde1-4508-92da-6e135e92ed81
-8928345.21839999,2978531.6266,416,0131130270010,311351,Athalie Range Park,525 NW 62nd St,Miami,33150,305-757-7961,SHARON MASON,Community/Neighborhood,12,Local,Fully Developed,Miami,25.83396,-80.20469,917758.742568828,546135.367744736,987FB050-E2F0-4199-B4BE-C0539159A8E8,2021/10/21 15:23:25+00,MiamiPark,2024/01/31 09:47:15+00,e304239@miamidade.gov_MDC,PROSM,2024/01/31 10:03:22+00,PROSM,2024/03/05 07:28:13+00,a7ccabfa-52c0-4436-9f0d-28a4b4b66b9e
-8934810.28959999,2968055.3092,417,,,Merrick Park,"400 BILTMORE WAY, CORAL GABLES, 33134",Coral Gables,33134,305-460-5620,Fabio Rodriguez,Neighborhood Park,0.56999999999,Local,Open Space,Coral Gables,25.74923,-80.26277,898936.111192035,515118.769034817,151B237D-6823-46FC-A62D-10C1F95C1816,2021/10/21 15:23:25+00,CoralGablesPark,2024/05/23 17:46:49+00,E327883@miamidade.gov_MDC,PROSM,2024/01/31 10:03:01+00,PROSM,2024/05/29 07:42:48+00,36d9cc25-4a5c-4ddc-85ac-275aa9ef7c1b
-8925194.80609999,2980049.7667,418,,,Little River Pocket Park,NE 10th Ave & NE N Little River Dr,Miami,33138,305-960-2946,,Mini Park,,,Fully Developed,Miami,25.84624,-80.17639,927039.744019911,550653.961397827,8F9D6CBF-BB4D-4B70-B27F-D216B24A0112,2021/10/21 15:23:25+00,MiamiPark,2024/01/31 09:47:15+00,e304239@miamidade.gov_MDC,PROSM,2024/01/31 10:03:10+00,PROSM,2024/03/05 07:27:53+00,c76880ed-46ed-47f7-be6a-60e815acc06c
-8940395.46009999,2979862.8373,419,2230110021280,301150,Tobie Wilson Park Recreation and Library,7901 NW South River Dr,Medley,33166,305-887-0140, ,Community/Neighborhood,3,Local,Fully Developed,Medley,25.84473,-80.31294,882132.149780162,549846.548970654,617F5BD2-AB33-4B27-AB87-8AA08A3EB554,2021/10/21 15:23:25+00,MedleyPark,2024/01/31 09:47:15+00,e304239@miamidade.gov_MDC,PROSM,2024/01/31 10:03:41+00,PROSM,2024/03/05 07:28:43+00,0de1901c-2dc5-4016-936e-54a03f9c5d13
-8944430.75909999,2949300.324,420,3660050010010,600501,Bel Aire Park,18500 SW 97th Ave,Cutler Bay,33157,305-238-4166, ,Community/Neighborhood,5,Local,Fully Developed,Cutler Bay,25.59738,-80.34919,870652.998853996,459886.935583159,25BA0182-04DC-431F-857A-528BACE83234,2021/10/21 15:23:25+00,CutlerBayPark,2024/01/31 09:47:15+00,e304239@miamidade.gov_MDC,PROSM,2024/01/31 10:03:42+00,PROSM,2024/03/05 07:28:45+00,bebf889c-85d5-4a6e-9262-f1485c9cdfbc
-8919002.08789999,2991347.8067,421,3122110040210,ITD27,Samson Oceanfront Park,17425 Collins Ave,Sunny Isles Beach,33160,305-792-1706,305-792-1706,Community Park,2.1,Local,Fully Developed,Sunny Isles Beach,25.93754,-80.12076,945114.04546966,583959.450889073,53E19DF3-3D5C-454B-A640-879C8355E52C,2021/10/21 15:23:25+00,SunnyIslesBeachPark,2024/01/31 09:47:15+00,e304239@miamidade.gov_MDC,PROSM,2024/01/31 10:03:10+00,PROSM,2024/03/05 07:27:53+00,5f9b9117-dc1c-43a2-93e2-04ee16497ff8
-8928972.07659999,2970907.8942,422,0141380031200,410250,Ernesto Lecuona Park,900 SW 1st St,Miami,33130,305-960-2946, ,Mini Park,2,Local,Fully Developed,Miami,25.77231,-80.21032,916040.936621245,523713.967705742,456577C1-E489-43F2-8719-F8184422B8BE,2021/10/21 15:23:25+00,MiamiPark,2024/01/31 09:47:15+00,e304239@miamidade.gov_MDC,PROSM,2024/01/31 10:03:06+00,PROSM,2024/03/05 07:27:47+00,531bfef3-4ab4-42a0-9b86-2198d799c6d6
-8918974.32339999,2993834.4867,423,1912350041080,220251,John Tweddle Park,107 Golden Beach Dr,Golden Beach,33160,305-932-0744, ,Community/Neighborhood,2.19068486154,Local,Fully Developed,Golden Beach,25.95763,-80.12051,945146.974209581,591260.999606155,09B943A5-98E8-45CB-908F-7464973818B8,2021/10/21 15:23:25+00,GoldenBeachPark,2024/01/31 09:47:15+00,e304239@miamidade.gov_MDC,PROSM,2024/01/31 10:03:13+00,PROSM,2024/03/05 07:27:57+00,80d0a6a0-e55d-4cf8-84bc-0e5c9591d18f
-8942553.15429999,2987980.7448,424,3220220050100,202211,Miami Lakes Park West (p-74),15151 Montrose Rd,Miami Lakes,33016,305-698-9308, ,Community/Neighborhood,10,Local,Fully Developed,Miami Lakes,25.91034,-80.33232,875635.915725414,573661.408821158,9DB9004D-312E-49CD-A065-23B6C0E6274A,2021/10/21 15:23:25+00,MiamiSpringsPark,2024/01/31 09:47:15+00,e304239@miamidade.gov_MDC,PROSM,2024/01/31 10:03:31+00,PROSM,2024/03/05 07:28:28+00,dca34242-1629-49c3-bc7e-c2359739e0f2
-8940268.02799999,2987131.7982,425,3220230041310,202306,ML Tax Dist.- (p-21),6890 White Oak Dr,Miami Lakes,33014,305-698-9308, ,Mini Park,2,Local,Undeveloped,Miami Lakes,25.90348,-80.31179,882396.710602745,571202.979026742,69A0F0D5-B9F7-4F52-87DE-C6C706A4789D,2021/10/21 15:23:25+00,MiamiLakesPark,2024/01/31 09:47:15+00,e304239@miamidade.gov_MDC,PROSM,2024/01/31 10:03:09+00,PROSM,2024/03/05 07:27:51+00,23158ca6-5217-4c10-acbc-578f5b78f57a
-8933962.26159999,2967978.0474,426,0341170780001,,Coral Gables Adult Activity Center,"2 ANDALUSIA AVE, CORAL GABLES, 33134",Coral Gables,33134,305-460-5620,Fabian Rodriguez,Community/Neighborhood,0,Local,Development,Coral Gables,25.74861,-80.25515,901238.166611771,515065.065590532,1687C7D1-3339-4DEC-885B-2D1B17198118,2023/08/25 16:17:06+00,CoralGablesPark,2024/05/08 14:41:46+00,CoralGablesPark,PROSM,2024/01/31 10:03:45+00,PROSM,2024/05/14 15:56:43+00,511e9e31-d03c-41ad-a8d0-2ce03aaa9be8
-8919192.45039999,2990123.1586,427,3122140080270,ITD53,Oceania Park,16320 Collins Ave,Sunny Isles Beach,33160,305-792-1706,305-792-1706,Greenway,0,Local,Open Space,Sunny Isles Beach,25.92765,-80.12248,944576.127582245,580359.613600574,2210A3C6-6AD4-4D00-84A4-0D4EE12FF507,2021/10/21 15:23:25+00,SunnyIslesBeachPark,2024/01/31 09:47:15+00,e304239@miamidade.gov_MDC,PROSM,2024/01/31 10:03:22+00,PROSM,2024/03/05 07:28:13+00,6fe3f354-b8b3-4cab-b3b6-8307314981b7
-8937385.36259999,2960827.2451,428,0940360000600,403650,Dante Fascell Park,8700 SW 57th Ave,South Miami,33143,305-666-8680, ,Community/Neighborhood,7.26434652883,Local,Fully Developed,South Miami,25.69073,-80.2859,891328.831846077,493922.336344242,2E420535-2EF6-451B-8933-CBBC672197D0,2021/10/21 15:23:25+00,SouthMiamiPark,2024/01/31 09:47:15+00,e304239@miamidade.gov_MDC,PROSM,2024/01/31 10:03:05+00,PROSM,2024/03/05 07:27:46+00,aed15bf7-6178-4e0b-b026-57be7d92db5e
-8931450.52919999,2969484.0784,429,0141100142300,411050,Bryan Park,2240 SW 12th St,Miami,33135,305-643-7150,NOEL CUBELA,Community/Neighborhood,2,Local,Fully Developed,Miami,25.76079,-80.23258,908738.132985413,519484.060483158,FB5B0A6D-38DA-496C-8900-15170F5EEEC0,2021/10/21 15:23:25+00,MiamiPark,2024/01/31 09:47:15+00,e304239@miamidade.gov_MDC,PROSM,2024/01/31 10:03:18+00,PROSM,2024/03/05 07:28:06+00,7564ab2c-9a1c-409d-999f-4c3bcf960143
-8938606.31899999,2985600.4794,430,0420250010670,202551,North Twin lakes Park / School,625 W 74th Pl,Hialeah,33014,305-557-6773, ,Community/Neighborhood,4,Local,Fully Developed,Hialeah,25.8911,-80.29686,887327.946147081,566731.222222239,356379B5-B3DC-4702-88DC-B80D5C408858,2021/10/21 15:23:25+00,HialeahPark,2024/01/31 09:47:15+00,e304239@miamidade.gov_MDC,PROSM,2024/01/31 10:03:13+00,PROSM,2024/03/05 07:27:57+00,e98c4e8b-1fb2-48d3-b0f5-1a0cf2b41885
-8934243.82439999,2967219.7404,431,0341170059130,,San Sebastian Park,"130 SAN SEBASTIAN AVE, CORAL GABLES, 33134",Coral Gables,33134,305-460-5620,Fabio Rodriguez,Neighborhood Park,0.19,Local,Open Space,Coral Gables,25.74247,-80.25768,900502.559937485,512677.780726185,32C19C72-225C-4642-93BA-B6DF47FA8100,2021/10/21 15:23:25+00,CoralGablesPark,2024/05/23 17:49:01+00,E327883@miamidade.gov_MDC,PROSM,2024/01/31 10:03:07+00,PROSM,2024/05/29 07:42:53+00,fae81354-d0db-430c-a77e-3e7ef8f00d0d
-8934461.74699999,2965184.7445,432,0341200250520,412053,Nellie B. Moore Park,"202 JEFFERSON DR, CORAL GABLES, 33133",Coral Gables,33133,305-460-5620,Fabio Rodriguez,Neighborhood Park,0.2,Local,Open Space,Coral Gables,25.726,-80.25964,899906.05050107,506788.92495099,6EC59695-E42F-4B40-8995-7308C1513028,2021/10/21 15:23:25+00,CoralGablesPark,2024/05/15 15:14:58+00,CoralGablesPark,PROSM,2024/01/31 10:03:35+00,PROSM,2024/05/29 07:42:49+00,a28d6aec-3a82-45f2-902f-3fea509600a9
-8925700.59459999,2983062.8902,433,1122310450010,223152,Miami Shores Country Club,10000 Biscayne Blvd,Miami Shores,33138,305-795-2360, ,Special Activity Park,120,Area-Wide,Fully Developed,Miami Shores,25.87059,-80.18093,925490.170347411,559497.777043491,1412303F-AE6F-4727-8B0E-F9633923AE5D,2021/10/21 15:23:25+00,MiamiShoresPark,2024/01/31 09:47:15+00,e304239@miamidade.gov_MDC,PROSM,2024/01/31 10:03:37+00,PROSM,2024/03/05 07:28:38+00,403b0170-9a1f-414c-8b79-48d45a536390
-8937447.37389999,2967936.4919,434,0341070170570,410751,Ferdinand Park,"1500 CORAL WAY, CORAL GABLES, 33134",Coral Gables,33134,305-460-5620,Fabio Rodriguez,Neighborhood Park,1,Local,Undeveloped,Coral Gables,25.74862,-80.28641,890825.872785838,515144.030438942,814BB8E6-4F32-41CB-88F8-94871D393793,2021/10/21 15:23:25+00,CoralGablesPark,2024/05/23 17:34:42+00,E327883@miamidade.gov_MDC,PROSM,2024/01/31 10:03:40+00,PROSM,2024/05/29 07:42:52+00,d7b6d475-7882-439e-b860-0c6d8ccf202b
-8936950.63329999,2977659.8081,435,0431180012270,311851,Villa Aida Adult Community Center,20 W 6th St,Hialeah,33010,305-883-8020,Marla Alpizar,Single Purpose Park,1,Local,Fully Developed,Hialeah,25.82691,-80.28199,892345.332437746,543426.895471408,1925D570-55AB-4ADC-B48A-F763AA53165C,2021/10/21 15:23:25+00,HialeahPark,2024/01/31 09:47:15+00,e304239@miamidade.gov_MDC,PROSM,2024/01/31 10:03:08+00,PROSM,2024/03/05 07:27:50+00,4dac1b0f-d54d-4a85-bb0e-7c0d54da2514
-8951100.04459999,2931317.7704,436,1079230010030,ITD01,Homestead Motor Sport Speedway,1 Speedway Blvd,Homestead,33035,305-230-5000, ,Single Purpose Park,203,Local,Fully Developed,Homestead,25.45161,-80.4091,851143.280327577,406813.868829243,0AA0AD99-B394-41E0-9DCF-C0D2AAF4A544,2021/10/21 15:23:25+00,HomesteadPark,2024/01/31 09:47:15+00,e304239@miamidade.gov_MDC,PROSM,2024/01/31 10:03:24+00,PROSM,2024/03/05 07:28:16+00,83b37291-9067-43d1-9b38-a1e974edaff7
-8932966.00259999,2969173.5698,437,0141090420010,410950,Coral Gate Park,1415 SW 32nd Ave,Miami,33145,305-960-5130,CARLOS CABRERA,Community/Neighborhood,3,Local,Fully Developed,Miami,25.75828,-80.2462,904262.658668663,518545.130602486,AD4D60B8-30A0-4EF5-B03F-401EB155D6A4,2021/10/21 15:23:25+00,MiamiPark,2024/01/31 09:47:15+00,e304239@miamidade.gov_MDC,PROSM,2024/01/31 10:03:06+00,PROSM,2024/03/05 07:27:46+00,94cdb674-315c-45ed-a2ac-a7eb8559768a
-8938752.2418,2961481.8064,438,0940360000741,403651,Fuchs Park,6420 SW 80th St,South Miami,33143,305-668-3876, ,Community/Neighborhood,4,Local,Undeveloped,South Miami,25.69603,-80.29817,887274.907539245,495826.507076576,60081D08-895D-49C2-90E4-5A1F426972F5,2021/10/21 15:23:25+00,SouthMiamiPark,2024/01/31 09:47:15+00,e304239@miamidade.gov_MDC,PROSM,2024/01/31 10:03:44+00,PROSM,2024/03/05 07:28:47+00,92b7db4d-1eb6-4c86-bc76-29400ba34b1e
-8934542.4573,2962806.0829,439,0341290000080,,Ingraham Park,"4751 WEST INGRAHAM TERR, CORAL GABLES, 33133",Coral Gables,33133,305-460-5620,Fabio Rodriguez,Neighborhood Park,2.24,Local,Undeveloped,Coral Gables,25.70675,-80.26037,899818.143134934,499613.903104823,AA177881-1F09-4718-85A5-ADBC2CE12F92,2021/10/21 15:23:25+00,CoralGablesPark,2024/05/23 17:39:17+00,E327883@miamidade.gov_MDC,PROSM,2024/01/31 10:03:19+00,PROSM,2024/05/29 07:42:52+00,098812e5-d9ec-40d9-a85b-65c86a74a1bc
-8939948.387,2971021.4543,440,0140020000092,400251,Robert King High / Carlos Arboleya Camp Grnd,7025 W Flagler St,Miami,33144,305-648-9500,YUDENIA GALLARDO,Community/Neighborhood,17,Local,Fully Developed,Miami,25.77322,-80.30892,883589.512350995,523865.53400366,884BE496-5393-4C11-A486-E43CD47E5354,2021/10/21 15:23:25+00,MiamiPark,2024/01/31 09:47:15+00,e304239@miamidade.gov_MDC,PROSM,2024/01/31 10:03:33+00,PROSM,2024/03/05 07:28:31+00,f1894578-9da5-4a6a-b889-9579e25509d8
-8940348.845,2987817.3075,441,3220230130080,202321,ML Tax Dist.- (p-38),14844 Dade Pine Ave,Miami Lakes,33014,305-698-9308, ,Mini Park,0,Local,Mini-Park-Open Space,Miami Lakes,25.90902,-80.31253,882147.498502746,573215.049149573,41A97BF4-CA83-4A29-B263-A225BCAADE74,2021/10/21 15:23:25+00,MiamiLakesPark,2024/01/31 09:47:15+00,e304239@miamidade.gov_MDC,PROSM,2024/01/31 10:03:19+00,PROSM,2024/03/05 07:28:07+00,5fa56b12-b23c-44c9-86d7-0cfa33b3f324
-8958746.295,2932010.0332,442,1678240000331,790753,Railroad Depot,826 N Krome Ave,Florida City,33034,305-247-8221, ,Single Purpose,0.50964557279,Local,Fully Developed,Florida City,25.45722,-80.47778,828470.496276911,408759.969267741,A6D37723-C419-4726-AA10-FE5FBF07F4E9,2021/10/21 15:23:25+00,HomesteadPark,2024/01/31 09:47:15+00,e304239@miamidade.gov_MDC,PROSM,2024/01/31 10:03:36+00,PROSM,2024/03/05 07:28:37+00,200398b8-e33d-4633-a203-3c8c30a737cf
-8937118.2385,2969578.4898,443,0341070186285,,Lisbon Park,"1015 LISBON ST, CORAL GABLES, 33134",Coral Gables,33134,305-460-5620,Fabio Rodriguez,Neighborhood Park,0.12,Local,Open Space,Coral Gables,25.76156,-80.2835,891980.301874971,519642.861258923,DB3AF9FD-DADA-4C8D-A530-0B0672FE1EB0,2021/10/21 15:23:25+00,CoralGablesPark,2024/05/13 12:42:49+00,CoralGablesPark,PROSM,2024/01/31 10:03:42+00,PROSM,2024/05/14 15:56:46+00,8c7f91c1-c1ca-4a8a-bdbe-92013fb6e813
-8923655.52859999,2984954.6749,444,0622320380040,222852,Sans Souci Tennis Center,1795 Sans Souci Blvd,North Miami,33181,305-893-7130, ,Single Purpose Park,2,Local,Fully Developed,North Miami,25.88588,-80.16256,931495.706892744,565093.421363987,2150D1D0-3F3E-4906-9561-327491FB8A7E,2021/10/21 15:23:25+00,NorthMiamiPark,2024/01/31 09:47:15+00,e304239@miamidade.gov_MDC,PROSM,2024/01/31 10:03:14+00,PROSM,2024/03/05 07:28:00+00,be59f239-8c90-4638-a8df-05aa8e8b46e8
-8935930.4359,2964775.3412,445,0341190041891,426,Granada Park,"5151 GRANADA BLVD, CORAL GABLES, 33146",Coral Gables,33146,305-460-5620,Fabio Rodriguez,Special Activity Park,0,Local,Undeveloped,Coral Gables,25.72269,-80.27283,895449.186675084,505709.748356964,96BF47D1-12B3-418A-B7DD-155622CA762A,2021/10/21 15:23:25+00,CoralGablesPark,2024/05/23 17:36:54+00,E327883@miamidade.gov_MDC,PROSM,2024/01/31 10:03:35+00,PROSM,2024/05/29 07:42:52+00,7f420e2c-d65d-4a97-a47a-95997ba91d2d
-8935465.8569,2962387.0788,446,0341320000010,,Pinewood Cemetery,"7401 ERWIN RD, CORAL GABLES, 33143",Coral Gables,33143,305-460-5620,,Neighborhood Park,4,Local,Open Space,Coral Gables,25.70336,-80.26866,896982.130787456,498542.618484097,391CB16B-7302-4FC1-86CE-2B79E50D88C1,2023/08/28 10:37:27+00,CoralGablesPark,2024/05/07 12:40:55+00,CoralGablesPark,PROSM,2024/01/31 10:03:46+00,PROSM,2024/05/08 09:13:33+00,e88a7d5e-f7dc-4498-8730-284543555385
-8936615.0292,2971737.2249,447,0131310100030,313150,Antonio Maceo Park,5135 NW 7th St,Miami,33126,305-960-2930  , ,Nature,4,Local,Fully Developed,Miami,25.77901,-80.27898,893432.401457828,526022.822339989,1D79A474-AE18-46C3-A64D-8C6465827DBA,2021/10/21 15:23:25+00,MiamiPark,2024/01/31 09:47:15+00,e304239@miamidade.gov_MDC,PROSM,2024/01/31 10:03:38+00,PROSM,2024/03/05 07:28:39+00,21dfa177-e15a-4184-9ed5-c71c4a4f1a50
-8930582.30939999,2984842.9878,448,0621260167340,212653,Kiwanis Park,12100 NW 16th Ave,North Miami,33167,305-895-9840, ,Single Purpose Park,2,Local,Fully Developed,North Miami,25.88498,-80.22478,911039.088029161,564639.63290149,91DEF741-1E3B-49EC-9DE9-6AFC76EEE1EE,2021/10/21 15:23:25+00,NorthMiamiPark,2024/01/31 09:47:15+00,e304239@miamidade.gov_MDC,PROSM,2024/01/31 10:03:29+00,PROSM,2024/03/05 07:28:24+00,918fc4b1-8729-4272-a066-2c7227eb1159
-8935751.49429999,2966166.1997,449,0341190015270,,Toledo and Alava Open Space,"915 ALAVA AVE, CORAL GABLES, 33146",Coral Gables,33146,305-460-5620,Fabio Rodriguez,Neighborhood Park,0,Local,Open Space,Coral Gables,25.73395,-80.27122,895943.880310587,509626.08451876,F4CA41B1-5515-4068-8880-6372B1574BF9,2023/08/28 11:07:19+00,CoralGablesPark,2024/05/15 18:40:43+00,CoralGablesPark,PROSM,2024/01/31 10:03:46+00,PROSM,2024/05/29 07:42:50+00,e7d01889-a00c-4de9-876d-d376faa23a50
-8922148.04429999,2988772.256,450,0622160000060,222150,Ronald L Book Athletic Stadium,2555 NE 151St St,North Miami,33160,305-895-9840, ,Single Purpose Park,18,Local,Fully Developed,North Miami,25.91673,-80.14902,935875.402857747,576334.925127655,49EB7624-21C7-42A0-BF9F-61EA5BBD65AB,2021/10/21 15:23:25+00,NorthMiamiPark,2024/01/31 09:47:15+00,e304239@miamidade.gov_MDC,PROSM,2024/01/31 10:03:32+00,PROSM,2024/03/05 07:28:29+00,3a6a466c-3fad-45b2-8ce2-05d6c6106c17
-8959423.13159999,2931817.5035,451,1678240000826,0,Florida City Youth Activity Center,650 NW 5th Ave,Florida City,33034,305-247-8221,,Community/Neighborhood,1.74913888241,Local,Fully Developed,Florida City,25.45566,-80.48387,826466.535717912,408184.608213738,242575CA-7B1E-4E8F-B3C4-87CBEA867F47,2021/10/21 15:23:25+00,FloridaCityPark,2024/01/31 09:47:15+00,e304239@miamidade.gov_MDC,PROSM,2024/01/31 10:03:26+00,PROSM,2024/03/05 07:28:20+00,dcc70f5a-344c-4ec5-a025-8f9c4ab29742
-8919741.89219999,2985112.7245,452,1222260060050, ,Bal Harbour Park,701 96th St,Bal Harbour,33154,305-993-7363,,Community/Neighborhood,0.48008240095,Local,Fully Developed,Bal Harbour,25.88716,-80.1274,943051.808452412,565633.011820242,6D555E07-E8C5-475B-A9DB-D5BA02457BEF,2021/10/21 15:23:25+00,BalHarbourPark,2024/01/31 09:47:15+00,e304239@miamidade.gov_MDC,PROSM,2024/01/31 10:03:09+00,PROSM,2024/03/05 07:27:51+00,f9e7345b-6fd1-48e6-a374-d232241fee5f
-8931477.57639999,2972376.0298,453,0131340880010,313451,Fern Isle Park / South Fork Park,2201 NW 11th St,Miami,33125,305-643-7145, ,Community/Neighborhood,8.85676463517,Local,Fully Developed,Miami,25.78418,-80.23284,908608.65785066,527986.724252074,01261371-D8A6-4351-9C8A-AE4F03AA8A4A,2021/10/21 15:23:25+00,MiamiPark,2024/01/31 09:47:15+00,e304239@miamidade.gov_MDC,PROSM,2024/01/31 10:03:22+00,PROSM,2024/03/05 07:28:12+00,0b285a7c-fd5f-4fbb-affb-8643415a1887
-8936204.06459999,2968017.6586,454, , ,Ponce De Leon Plaza,Coral Way & Granada Blvd,Coral Gables,33134,305-446-6800,,Scenic View,,Local,Scenic View,Coral Gables,25.74892,-80.27528,894707.414983913,515092.238558158,8BC7AD93-6C63-40F0-8D42-C43A16C2E851,2021/10/21 15:23:25+00,CoralGablesPark,2024/01/31 09:47:15+00,e304239@miamidade.gov_MDC,PROSM,2024/01/31 10:03:25+00,PROSM,2024/03/05 07:28:18+00,f77135cf-d45a-4a0c-be26-ce1a4cfcaff4
-8942775.21259999,2948676.8827,455,3660040072860,600401,Whispering Pine Park,8800 Ridgeland Drive,Cutler Bay,33157,305-238-4166, ,Mini Park,0,Local,Fully Developed,Cutler Bay,25.59233,-80.33431,875563.666526079,458075.511712573,25937836-BA5E-4DF3-AEB4-629950391807,2021/10/21 15:23:25+00,CutlerBayPark,2024/01/31 09:47:15+00,e304239@miamidade.gov_MDC,PROSM,2024/01/31 10:03:18+00,PROSM,2024/03/05 07:28:05+00,9d84edfc-1a36-45bf-9f84-afea49f9e4e0
-8939287.96349999,2987432.5561,456,3220240050290,202409,ML Tax Dist.- (p-11),6276 Lake Geneva Rd,Miami Lakes,33014,305-698-9308, ,Mini Park,0,Local,Undeveloped,Miami Lakes,25.90591,-80.30299,885286.204167578,572101.593699321,11951EC9-D14F-4DBA-8459-5D09B8237F9F,2021/10/21 15:23:25+00,MiamiLakesPark,2024/01/31 09:47:15+00,e304239@miamidade.gov_MDC,PROSM,2024/01/31 10:03:21+00,PROSM,2024/03/05 07:28:11+00,415a6191-991a-47d5-856c-c19319ebe83d
-8919199.65959999,2991151.1182,457,3122110010290,221151,Town Center and Skate Park,17200 Collins Ave,Sunny Isles Beach,33160,305-792-1706,305-792-1706,Community Park,3,Local,Fully Developed,Sunny Isles Beach,25.93595,-80.12253,944534.62504058,583378.001592658,0CF49172-8B3D-49CB-BED5-9F8B3518A88A,2021/10/21 15:23:25+00,SunnyIslesBeachPark,2024/01/31 09:47:15+00,e304239@miamidade.gov_MDC,PROSM,2024/01/31 10:03:19+00,PROSM,2024/03/05 07:28:08+00,d57b85aa-8c6a-4dc5-b3bb-62df97c65bd5
-8959481.59539999,2931633.3689,458,1678240000740,782450,Loren Roberts Park,545 NW 6th Ave,Florida City,33034,305-247-8221, ,Community/Neighborhood,8,Local,Fully Developed,Florida City,25.45417,-80.4844,826295.345115412,407641.130626157,ABD2BD16-1C96-44D9-8840-8D4874F9EEA2,2021/10/21 15:23:25+00,FloridaCityPark,2024/01/31 09:47:15+00,e304239@miamidade.gov_MDC,PROSM,2024/01/31 10:03:07+00,PROSM,2024/03/05 07:27:47+00,6b6f0bb5-d430-4fe3-b353-44e63e889bba
-8918818.34169999,2994903.8378,459,1912350020640,123551,Loggia Beach Park,399 Ocean Blvd,Golden Beach,33160,305-932-0744, ,Mini Park,1,Local,Fully Developed,Golden Beach,25.96626,-80.11912,945586.269262746,594403.380132407,07ACD186-BB86-42FD-ACAD-A3C78E5628F8,2021/10/21 15:23:25+00,GoldenBeachPark,2024/01/31 09:47:15+00,e304239@miamidade.gov_MDC,PROSM,2024/01/31 10:03:03+00,PROSM,2024/03/05 07:27:42+00,ab3cbacf-da81-4600-af8e-86afb505cbee
-8927163.50959999,2985489.104,460,0622300290040,223052,Breezeswept Tot Lot,NE 2nd Ave & NE 125th St,North Miami,33161,305-895-9840, ,Mini Park,1,Local,Fully Developed,North Miami,25.8902,-80.19407,921125.061623577,566598.41474507,A43F7F6A-0571-4DAF-942C-3FFC50109A33,2021/10/21 15:23:25+00,NorthMiamiPark,2024/01/31 09:47:15+00,e304239@miamidade.gov_MDC,PROSM,2024/01/31 10:03:29+00,PROSM,2024/03/05 07:28:25+00,83ffa3cc-83fe-4b56-b741-5e5a3a2ed41e
-8921742.00549999,2981222.5898,461,0232030000040,321050,Normandy Shores Tennis,2401 Biarritz Dr,Miami Beach,33141,305-673-7730,305-673-7730,Single Purpose Park,1,Local,Fully Developed,Miami Beach,25.85572,-80.14537,937218.786325827,554165.320188738,A9B2BD6A-6E8A-4CB6-8762-C61E6EB956DD,2021/10/21 15:23:25+00,MiamiBeachPark,2024/01/31 09:47:15+00,e304239@miamidade.gov_MDC,PROSM,2024/01/31 10:03:10+00,PROSM,2024/03/05 07:27:53+00,dbc311e4-7480-4837-9798-3caba8eb4e7e
-8940986.81979999,2983185.9666,462,0420350010320,203550,Wilde Community Center,1701 W 53rd Terr,Hialeah,33012,305-687-2650,William Sanchez,Community/Neighborhood,7.75283848131,Local,Fully Developed,Hialeah,25.87159,-80.31826,880334.295108162,559601.294224903,3596E3E8-1F0F-4BF3-9371-62C71DE77DA9,2021/10/21 15:23:25+00,HialeahPark,2024/01/31 09:47:15+00,e304239@miamidade.gov_MDC,PROSM,2024/01/31 10:03:06+00,PROSM,2024/03/05 07:27:47+00,ac7e06c5-2c2e-4921-8d93-6c7f31c88b51
-8937215.84869999,2959317.5243,463, ,510606,Red Road Linear Park,SW 56th Ct / SW 93rd St,Pinecrest,33156,305-284-0900, ,Greenway,1,Area-Wide,Undeveloped,Pinecrest,25.67851,-80.28437,891854.361306828,489482.859658904,A9045D41-580B-440F-B438-F1E9FB7EE6CA,2021/10/21 15:23:25+00,PinecrestPark,2024/01/31 09:47:15+00,e304239@miamidade.gov_MDC,PROSM,2024/01/31 10:03:14+00,PROSM,2024/03/05 07:28:00+00,bf6b65e6-233a-45a8-a177-f575cb90808a
-8940175.91969999,2950461.1785,464,3350350000012,ITD47,Ludovici Park,17641 Old Cutler Rd,Palmetto Bay,33157,305-259-1234,305-234-6383,Community Park,2.88,Local,Fully Developed,Palmetto Bay,25.60679,-80.31096,883232.241740078,463368.574289158,0A4414F4-1DE7-476E-96E9-948A41184ACD,2021/10/21 15:23:25+00,PalmettoBayPark,2024/01/31 09:47:15+00,e304239@miamidade.gov_MDC,PROSM,2024/01/31 10:03:30+00,PROSM,2024/03/05 07:28:27+00,b1958558-91e6-4647-8d41-69bfe45843c5
-8942912.93319999,2988002.9186,465,3220220031250,202201,ML Tax Dist - Lot 41,15100 Garvock Pl,Miami Lakes,33016,305-698-9308, ,Mini-Park-Tot Lots,0.25411833421,Local,Undeveloped,Miami Lakes,25.91052,-80.33555,874573.202627745,573721.133439243,1596D494-69A5-4CD9-AEB7-74AD4E00D75D,2021/10/21 15:23:25+00,MiamiLakesPark,2024/01/31 09:47:15+00,e304239@miamidade.gov_MDC,PROSM,2024/01/31 10:03:21+00,PROSM,2024/03/05 07:28:11+00,ee774eb7-e304-4998-bb1d-5e40efc80352
-8940686.00009999,2988184.8477,466,3220230210850,202341,ML Tax Dist.- (p-65),15211 W Loch Isle Dr,Miami Lakes,33014,305-698-9308, ,Mini Park,0,Local,Undeveloped,Miami Lakes,25.91199,-80.31555,881146.272158746,574289.257631071,9FAFFF84-5B17-4E61-B029-B4EEF0A2C161,2021/10/21 15:23:25+00,MiamiLakesPark,2024/01/31 09:47:15+00,e304239@miamidade.gov_MDC,PROSM,2024/01/31 10:03:13+00,PROSM,2024/03/05 07:27:58+00,a77a64ea-4ffc-4404-bb42-3680468c2c82
-8934623.15009999,2965102.6823,467,0341200250300,412050,William A. Cooper Park,"4920 WASHINGTON DR, CORAL GABLES, 33133",Coral Gables,33133,305-460-5620,Fabian,Neighborhood Park,0.25,Local,Undeveloped,Coral Gables,25.72534,-80.26109,899329.997678176,506554.843673497,3F439143-4EDC-477C-B0F4-E66903AE437C,2021/10/21 15:23:25+00,CoralGablesPark,2024/05/23 17:50:38+00,E327883@miamidade.gov_MDC,PROSM,2024/01/31 10:03:04+00,PROSM,2024/05/29 07:42:50+00,6590a724-460f-42c2-b4c8-440912c53fd8
-8931064.37149999,2973566.772,468,0131341030040, ,Allapattah Mini Park Site,1935 NW 21st Ave,Miami,33125,305-960-3009,,Mini-Park Site,0.410337,Local,Open Space,Miami,25.79381,-80.22912,909809.621984161,531494.486593492,C129194B-C46A-4AB1-AC7F-E96C20A19A18,2021/10/21 15:23:25+00,MiamiPark,2024/01/31 09:47:15+00,e304239@miamidade.gov_MDC,PROSM,2024/01/31 10:03:05+00,PROSM,2024/03/05 07:27:45+00,733d397d-de9d-4f48-a830-ff265633645a
-8926940.72909999,2970734.5516,469,0101150001090,420650,Fort Dallas Mini Park,64 SE 4th St,Miami,33131,305-960-2946, ,Mini Park,0,Local,Fully Developed,Miami,25.7709,-80.19207,922049.460365329,523240.692077488,AA89FE6C-79FD-407B-8472-B821503521BB,2021/10/21 15:23:25+00,MiamiPark,2024/01/31 09:47:15+00,e304239@miamidade.gov_MDC,PROSM,2024/01/31 10:03:15+00,PROSM,2024/03/05 07:28:01+00,22a6cb7f-d103-4d32-b578-2c59331edede
-8943380.21529999,2987843.0728,470,3220220070250,202212,ML Tax Dist.- (p-75),14961 Dunbarton Pl,Miami Lakes,33016,305-698-9308, ,Mini Park,0,Local,Undeveloped,Miami Lakes,25.90923,-80.33975,873195.742128078,573244.716084987,C70B0227-0406-4E4A-862C-B72AFD3FD85F,2021/10/21 15:23:25+00,MiamiLakesPark,2024/01/31 09:47:15+00,e304239@miamidade.gov_MDC,PROSM,2024/01/31 10:03:42+00,PROSM,2024/03/05 07:28:45+00,fbf8082a-daa6-4484-8506-9b2f11323589
-8942100.43619999,2983630.547,471,0420340010730,203450,Bucky Dent Park,"2250 W 60TH ST, HIALEAH, FL, 33016",Hialeah,33016,305-818-2990,Kenneth Soler,Neighborhood Park,19,Local,Fully Developed,Hialeah,25.87519,-80.32825,877033.809983078,560976.309299625,94DF4CCC-87AF-4F2A-9D4B-AB57490A6E2D,2021/10/21 15:23:25+00,HialeahPark,2024/01/31 09:47:15+00,e304239@miamidade.gov_MDC,PROSM,2024/01/31 10:03:11+00,PROSM,2024/03/05 07:27:55+00,a88d20df-b418-453f-8e60-e49755d4e795
-8939813.07369999,2958906.6872,472,2050020000900,500250,Coral Pine Park,6955 SW 104th St,Pinecrest,33156,305-668-7258,,Community/Neighborhood,10,Local,Fully Developed,Pinecrest,25.67518,-80.3077,884176.430140413,488233.029481404,C85B1A49-9E59-4BEC-8D81-332A07BAFB3D,2021/10/21 15:23:25+00,PinecrestPark,2024/01/31 09:47:15+00,e304239@miamidade.gov_MDC,PROSM,2024/01/31 10:03:09+00,PROSM,2024/03/05 07:27:51+00,ddba3487-da8b-497f-b9bc-91144104dd25
-8938917.81859999,2954113.5646,473,0350240021500,,James H. Smith Park,"6540 MARLIN DR, CORAL GABLES, 33158",Coral Gables,33158,305-460-5620,Fabio Rodriguez,Mini-Park,0.43,Local,Fully Development,Coral Gables,25.63637,-80.29968,886899.311539811,474139.621942055,CC105C38-7059-49F3-800A-7E98619D13C3,2024/05/06 13:53:01+00,CoralGablesPark,2024/05/13 12:32:21+00,CoralGablesPark,PROSM,2024/05/06 21:26:46+00,PROSM,2024/05/14 15:56:46+00,8ef26324-8308-4c5b-a782-c2bd08df5ac6
-8940557.79089999,2988314.9801,474,3220230210850,202330,ML Tax Dist.- (p-64),15320 Loch Isle Dr,Miami Lakes,33014,305-698-9308, ,Mini Park,0,Local,Undeveloped,Miami Lakes,25.91304,-80.31439,881522.855723161,574673.410734154,05F63A2F-301A-4656-BA40-DEE3905B66D8,2021/10/21 15:23:25+00,MiamiLakesPark,2024/01/31 09:47:15+00,e304239@miamidade.gov_MDC,PROSM,2024/01/31 10:03:08+00,PROSM,2024/03/05 07:27:50+00,29bebb33-fa44-4cb9-8560-945849a44c43
-8937271.92979999,2982430.4942,475,0431060450010,310650,Milander Park,4700 Palm Ave,Hialeah,33012,305-687-2650,William Sanchez,Neighborhood Park,24,Local,Fully Developed,Hialeah,25.86548,-80.28488,891319.62812433,557440.15812724,2F3045CC-FA9F-48F8-B54A-CD3716F1FF85,2021/10/21 15:23:25+00,HialeahPark,2024/01/31 09:47:15+00,e304239@miamidade.gov_MDC,PROSM,2024/01/31 10:03:15+00,PROSM,2024/03/05 07:28:02+00,445ddbd9-56df-44f1-abf4-8593c3d0c16d
-8939659.97539999,2987026.8952,476,3220240032780,202405,ML Tax Dist.- (p-06),Lake Saranac Dr/Lake Blue Dr,Miami Lakes,33014,305-698-9308, ,Mini Park,0,Local,Undeveloped,Miami Lakes,25.90263,-80.30633,884193.955039747,570904.333298571,5E93F6E5-4039-451D-8CA9-8B60D5CBEC55,2021/10/21 15:23:25+00,MiamiLakesPark,2024/01/31 09:47:15+00,e304239@miamidade.gov_MDC,PROSM,2024/01/31 10:03:03+00,PROSM,2024/03/05 07:27:42+00,fe92b306-c51b-4bd5-9573-eca62c9dcf5f
-8933217.95559999,2965384.7121,477,0141210074620,412153,Billy Rolle Mini Park ,3400 Grand Ave,Miami,33133,305-960-2946, ,Mini-Park,0.11379718836,Local,Fully Developed,Miami,25.72762,-80.24846,903581.198089328,507397.89600724,AE3EE25B-75FA-4DED-B642-EA66B1CB7B2D,2021/10/21 15:23:25+00,MiamiPark,2024/01/31 09:47:15+00,e304239@miamidade.gov_MDC,PROSM,2024/01/31 10:03:13+00,PROSM,2024/03/05 07:27:58+00,becfc295-7c0b-4f4d-9e14-3f844af0c435
-8930897.32259999,2977309.1609,478,0131220523180,312250,Simonoff Park,1850 NW 54th St,Miami,33142,305-960-2946, ,Mini Park,1,Local,Undeveloped,Miami,25.82408,-80.22761,910238.82191316,542497.708353408,BE92B28F-973A-486E-80AA-7D33239BDD03,2021/10/21 15:23:25+00,MiamiPark,2024/01/31 09:47:15+00,e304239@miamidade.gov_MDC,PROSM,2024/01/31 10:03:10+00,PROSM,2024/03/05 07:27:52+00,1cc00ccd-3de6-4844-82c2-e4b4f49fb54e
-8919481.34199999,2991712.3578,479,3122110640010,221152,Senator Gwen Margolis Park,17815 N Bay Rd,Sunny Isles Beach,33160,305-792-1706,305-792-1706,Community Park,3,Local,Fully Developed,Sunny Isles Beach,25.94049,-80.12507,943691.997460745,585020.389712073,B25D28A4-911F-4585-9049-A432DAC702BB,2021/10/21 15:23:25+00,SunnyIslesBeachPark,2024/01/31 09:47:15+00,e304239@miamidade.gov_MDC,PROSM,2024/01/31 10:03:43+00,PROSM,2024/03/05 07:28:47+00,d6c039cb-8afb-4a72-aa4b-0f57e12b10a8
-8927395.67659999,2969756.9606,480,0102080501010,411251,Southside Park,140 SW 11th St,Miami,33130,305-960-2988, ,Community/Neighborhood,1.82901136192,Local,Fully Developed,Miami,25.763,-80.19617,920721.986314245,520357.933407322,342B4534-F459-4996-8847-82B5CDFDDA3D,2021/10/21 15:23:25+00,MiamiPark,2024/01/31 09:47:15+00,e304239@miamidade.gov_MDC,PROSM,2024/01/31 10:03:45+00,PROSM,2024/03/05 07:28:48+00,0cf51040-8724-4632-9889-d49724683b26
-8934807.69959999,2977258.6229,481,0431170000131,311954,Hialeah Drive Park,Hialeah Dr & E 9th Ave,Hialeah,33010,305-687-2650,Kenneth Soler,Mini-Park,1.1493626803,Local,Fully Developed,Hialeah,25.82367,-80.26274,898684.261360914,542282.859373659,A6C30CDE-6E55-40AE-A597-F2D58ACF8407,2021/10/21 15:23:25+00,HialeahPark,2024/01/31 09:47:15+00,e304239@miamidade.gov_MDC,PROSM,2024/01/31 10:03:44+00,PROSM,2024/03/05 07:28:47+00,6a6b2e78-2655-4492-af8f-6754120fba2a
-8934056.92819999,2965634.4431,482,0341200560170,412052,Pierce Park,"101 OAK AVE, CORAL GABLES, 33133",Coral Gables,33133,305-460-5620,Fabio Rodriguez,Neighborhood Park,0.33,Local,Open Space,Coral Gables,25.72964,-80.256,901120.112487682,508093.926703442,47B82245-819B-4F4A-8C68-B1C8265026F4,2021/10/21 15:23:25+00,CoralGablesPark,2024/05/07 12:27:30+00,CoralGablesPark,PROSM,2024/01/31 10:03:06+00,PROSM,2024/05/08 09:13:33+00,408bf467-ff3a-4574-ba45-9e0fd7f3a058
-8931792.64169999,2965413.5119,483,0141220020010,412252,Dinner Key Auditorium & Marina,3500 Pan American Dr,Miami,33133,305-329-4755, ,Metropolitan Park,22,Area-Wide,Fully Developed,Miami,25.72785,-80.23566,907796.003307994,507506.814424574,1C4DE887-877A-4761-880C-7B0DBCD4CAE8,2021/10/21 15:23:25+00,MiamiPark,2024/01/31 09:47:15+00,e304239@miamidade.gov_MDC,PROSM,2024/01/31 10:03:37+00,PROSM,2024/03/05 07:28:38+00,70f02d1a-17f9-4935-bfbd-ed155b6c58e1
-8930272.33789999,2971794.9827,484,0141020055730,ITD15,Unnamed Park (NW 16th Ave),1600 NW 7th St,Miami,33125,305-960-2946, ,Mini Park,1.5,Local,Undeveloped,Miami,25.77948,-80.222,912181.500442494,526299.314569153,1ED701FA-63F8-4736-9EE3-5A5B5DF6C7EA,2021/10/21 15:23:25+00,MiamiPark,2024/01/31 09:47:15+00,e304239@miamidade.gov_MDC,PROSM,2024/01/31 10:03:08+00,PROSM,2024/03/05 07:27:50+00,8840fb64-784d-4717-9d93-abdbfdce6668
-8943245.80379999,2987521.9182,485,3220220101200,202218,ML Tax Dist.- (p-81),8560 Breckness Pl / Ardoch Rd,Miami Lakes,33016,305-698-9308, ,Mini Park,0,Local,Undeveloped,Miami Lakes,25.90663,-80.33854,873597.404382497,572303.510618322,91F8353A-FAB0-451E-BA9E-52FFA3F1F914,2021/10/21 15:23:25+00,MiamiLakesPark,2024/01/31 09:47:15+00,e304239@miamidade.gov_MDC,PROSM,2024/01/31 10:03:25+00,PROSM,2024/03/05 07:28:18+00,aefea828-f591-426e-88a3-7473dfba536c
-8927985.69179999,2971390.378,486,0101090302010,420354,Lummus Park - City of Miami,360 NW 3rd St,Miami,33128,305-579-6934,ROBERTO GONZALEZ,Community/Neighborhood,6.21111890678,Local,Fully Developed,Miami,25.77621,-80.20146,918948.447538495,525150.162011825,965923BA-07EC-4681-B379-61317BB96E7B,2021/10/21 15:23:25+00,MiamiPark,2024/01/31 09:47:15+00,e304239@miamidade.gov_MDC,PROSM,2024/01/31 10:03:02+00,PROSM,2024/03/05 07:27:41+00,a06c63a1-aae3-4296-a82e-558fba9beaae
-8953188.24509999,2931180.6449,487,1079220010171,792150,Homestead Sport Complex,1601 SE 28th Ave,Homestead,33035,305-224-4570, ,Single Purpose Park,153,Local,Fully Developed,Homestead,25.4505,-80.42786,844955.215932079,406382.624941073,869C2056-F3DB-4E05-B1F0-733F3404088A,2021/10/21 15:23:25+00,HomesteadPark,2024/01/31 09:47:15+00,e304239@miamidade.gov_MDC,PROSM,2024/01/31 10:03:40+00,PROSM,2024/03/05 07:28:42+00,77d6a329-eed9-48fc-bb8b-469d604fe810
-8920833.77219999,2984009.5858,488,2122340020430, ,Indian Creek Golf Club,55 Indian Creek Island Rd,Indian Creek Village,33154,305-865-4121,,Community/Neighborhood,182.29622261532,Local,Fully Developed,Indian Creek Village,25.87825,-80.13721,939848.199045997,562371.079695821,FC4C2A46-E1BA-4EE8-8BDF-67F6331831A7,2021/10/21 15:23:25+00,IndianCreekVillagePark,2024/01/31 09:47:15+00,e304239@miamidade.gov_MDC,PROSM,2024/01/31 10:03:39+00,PROSM,2024/03/05 07:28:40+00,219252ad-1bee-4ba5-b7c8-7ac4bf74de27
-8919816.93749999,2982244.6642,489,0232020080010,320351,Crespi Park & Playground,Hawthorne Ave & Crespi Blvd,Miami Beach,33141,305-993-2021,305-861-3616,Community/Neighborhood,1,Local,Fully Developed,Miami Beach,25.86398,-80.12808,942886.122103997,557205.740288988,F830731C-F69B-491C-8713-FCEE87E422D6,2021/10/21 15:23:25+00,MiamiBeachPark,2024/01/31 09:47:15+00,e304239@miamidade.gov_MDC,PROSM,2024/01/31 10:03:32+00,PROSM,2024/03/05 07:28:30+00,47b053bf-e5d6-425e-87bb-96553b22cda4
-8925794.06489999,2978829.9114,490,0132180000030,321853,Legion Memorial Park,6447 NE 7th Ave,Miami,33138,305-795-1826,DONALD KNOWLES,Community/Neighborhood,13,Local,Fully Developed,Miami,25.83637,-80.18177,925291.52671583,547058.214324243,66EEAEF8-1D77-4328-BEE1-8B126A409C8C,2021/10/21 15:23:25+00,MiamiPark,2024/01/31 09:47:15+00,e304239@miamidade.gov_MDC,PROSM,2024/01/31 10:03:08+00,PROSM,2024/03/05 07:27:49+00,e290ce00-b00e-4207-9a5e-ceb00e1e1138
-8946784.80589999,2986215.0933,491,2720290010300,202950,Westland Gardens Park,13501 NW 107th Ave,Hialeah Gardens,33018,305-558-2331, ,Special Activity Park,18,Area-Wide,Fully Developed,Hialeah Gardens,25.89607,-80.37033,863165.289091911,568413.826140493,54474496-00B5-4B73-A878-B9A73D13B35F,2021/10/21 15:23:25+00,HialeahGardensPark,2024/01/31 09:47:15+00,e304239@miamidade.gov_MDC,PROSM,2024/01/31 10:03:02+00,PROSM,2024/03/05 07:27:40+00,1c440c0e-fc1f-45e4-b906-f88c07adb67c
-8926849.06799999,2981023.7987,492,1832070490730,320752,Sherwood Forest Indian Mound,NE 86th St & NE 3rd Ave,El Portal,33138,305-795-7880, ,Mini Park,0,Local,Undeveloped,El Portal,25.85411,-80.19125,922134.553042911,553485.697532237,ACF574AF-AA4B-4628-893E-C69B728B1F59,2021/10/21 15:23:25+00,ElPortalPark,2024/01/31 09:47:15+00,e304239@miamidade.gov_MDC,PROSM,2024/01/31 10:03:38+00,PROSM,2024/03/05 07:28:40+00,759a423f-8be9-44c9-958d-ffb6612cdc4c
-8930209.72709999,2978241.2738,493,0131140351800,311451,African Square Park,1428 NW 62nd St,Miami,33147,305-579-3408,OLINDA ALEXIS,Community/Neighborhood,1,Local,Fully Developed,Miami,25.83162,-80.22144,912254.494719081,545249.101472653,651B4198-836E-4B83-8B9D-8992AD5A244D,2021/10/21 15:23:25+00,MiamiPark,2024/01/31 09:47:15+00,e304239@miamidade.gov_MDC,PROSM,2024/01/31 10:03:17+00,PROSM,2024/03/05 07:28:04+00,5294107b-4cc1-4ab5-bed8-2b1aa593407e
-8928933.03929999,2976718.9767,494,0131240013810,312353,Miller Dawkins Mini-Park,NW 47th Ter & NW 8th Ave,Miami,33127,305-960-2946, ,Mini-Park,0.84665286,Local,Fully Developed,Miami,25.81931,-80.20997,916053.835217495,540797.585769407,3F8A139D-A4BA-4EE9-A511-B3385E0D13E9,2021/10/21 15:23:25+00,MiamiPark,2024/01/31 09:47:15+00,e304239@miamidade.gov_MDC,PROSM,2024/01/31 10:03:20+00,PROSM,2024/03/05 07:28:10+00,fd53247d-7560-4e3e-bca9-52022f5c457d
-8923222.53149999,2990538.2422,495,0722090062000,ITD31,Fulford Park,2075 NE 168th St,North Miami Beach,33162,305-948-2957, ,Single Purpose Park,0.9,Local,Fully Developed,North Miami Beach,25.931,-80.15867,932669.368259329,581500.450557739,9F1AD945-CB93-4A23-B813-56991B71C3EE,2021/10/21 15:23:25+00,NorthMiamiBeachPark,2024/01/31 09:47:15+00,e304239@miamidade.gov_MDC,PROSM,2024/01/31 10:03:43+00,PROSM,2024/03/05 07:28:45+00,9e5cf1be-b6ea-4c93-898f-6255aaa21164
-8934981.45009999,2964816.7717,496,0341200233010,,Maggiore Park,"5028 MAGGIORE ST, CORAL GABLES, 33146",Coral Gables,33146,305-460-5620, Fabio Rodriguez,Neighborhood Park,0.24,Local,Development,Coral Gables,25.72303,-80.26431,898374.811106491,505698.872321893,8D3FA258-B666-4647-8299-8210D75AA318,2021/10/21 15:23:25+00,CoralGablesPark,2024/05/13 12:57:53+00,CoralGablesPark,PROSM,2024/01/31 10:03:20+00,PROSM,2024/05/14 15:56:47+00,26bbf8d7-fef5-4fef-8806-4266213e0234
-8934145.95299999,2965711.9961,497,,,MacFarlane Linear Park,"100 SOUTH DIXIE HWY, CORAL GABLES, 33133",Coral Gables,33133,305-460-5620,Fabio Rodriguez,Neighborhood Park,0.5,Local,Fully Development,Coral Gables,25.73027,-80.2568,900906.594167163,508310.79000897,C9F1F5F0-F42A-4CB8-BAAC-2ED83E5372C4,2021/10/21 15:23:25+00,CoralGablesPark,2024/05/23 17:44:48+00,E327883@miamidade.gov_MDC,PROSM,2024/01/31 10:03:14+00,PROSM,2024/05/29 07:42:53+00,b83cd7ae-4b7c-479d-bf4c-dd8b40a869ff
-8939917.59059999,2986786.9499,498,3220230060740,202311,ML Tax Dist..- (p-26),Crooked Palm Ter/Crooked Palm Ln,Miami Lakes,33014,305-698-9308, ,Mini Park,1,Local,Undeveloped,Miami Lakes,25.90069,-80.30864,883436.91160633,570195.576185904,9631885A-845D-4929-91C2-BD7B4D0D10A7,2021/10/21 15:23:25+00,MiamiLakesPark,2024/01/31 09:47:15+00,e304239@miamidade.gov_MDC,PROSM,2024/01/31 10:03:43+00,PROSM,2024/03/05 07:28:46+00,6f968168-b5f7-47e4-97cd-9574bd501656
-8920257.27429999,2970783.9813,499,0242030120100,420351,Marjorie Stoneman Douglas Park,3rd St & Ocean Dr,Miami Beach,33139,305-861-3616,305-673-7779,Community/Neighborhood,4,Local,Undeveloped,Miami Beach,25.7713,-80.13203,941807.569799162,523511.680380657,22E34178-4EE6-4CF0-8AF0-84BE338840A8,2021/10/21 15:23:25+00,MiamiBeachPark,2024/01/31 09:47:15+00,e304239@miamidade.gov_MDC,PROSM,2024/01/31 10:03:40+00,PROSM,2024/03/05 07:28:42+00,3c258a2f-0d4a-46b9-8aa2-ca99fa72493c
-8944382.40949999,2985984.9489,500,0420280010290,202850,Roberto Casas Park/Veterans Park,7900 W 32nd Ave,Hialeah,33018,305-882-0293,William Sanchez,Neighborhood Park,4,Local,Fully Developed,Hialeah,25.89421,-80.34875,870263.459278744,567772.476373322,D6AE7136-0A99-42A4-95FE-17026E7EAA6A,2021/10/21 15:23:25+00,HialeahPark,2024/01/31 09:47:15+00,e304239@miamidade.gov_MDC,PROSM,2024/01/31 10:03:33+00,PROSM,2024/03/05 07:28:32+00,8976893e-0f3d-41f9-8afb-d23d1643021c
-8942745.26199999,2976899.7273,501,,,Downtown Doral Park,8395 NW 53rd St,Doral,33166,305-593-6600,305-593-6600,Community Park,,Local,Fully Developed,Doral,25.82077,-80.33404,875233.731818497,541102.936208575,B7FD7550-38F2-4C19-9894-4FAE1F05C5B0,2021/10/21 15:23:25+00,DoralPark,2024/01/31 09:47:15+00,e304239@miamidade.gov_MDC,PROSM,2024/01/31 10:03:24+00,PROSM,2024/03/05 07:28:16+00,bff23de6-fff4-4a2e-8251-941dcdc5b016
-8935453.03039999,2964433.0972,502,0341190042870,427,Orduna Dr-Miller Rd Triangle Park,"5404 ORDUNA DR, CORAL GABLES, 33146",Coral Gables,33146,305-460-5620,Fabio Rodriguez,Neighborhood Park,0.3,Local,Undeveloped,Coral Gables,25.71992,-80.26854,896892.467143064,504697.552026333,D50580ED-616D-484F-A9AF-BFC347556853,2021/10/21 15:23:25+00,CoralGablesPark,2024/05/15 15:24:22+00,CoralGablesPark,PROSM,2024/01/31 10:03:18+00,PROSM,2024/05/29 07:42:49+00,21b8a2f1-6c2c-4dd5-8048-9e805ed4c5e1
-8943796.44929999,2989600.8947,503,3220160022640,201600,Royal Oaks Park,16500 NW 87th Ave,Miami Lakes,33018,305-698-9308,305-698-9308,Community/Neighborhood,22,Local,Fully Developed,Miami Lakes,25.92343,-80.34349,871940.790569745,578400.764827989,1CC9C149-0052-4BD5-85D9-0ADC847F5AA7,2021/10/21 15:23:25+00,MiamiLakesPark,2024/01/31 09:47:15+00,e304239@miamidade.gov_MDC,PROSM,2024/01/31 10:03:28+00,PROSM,2024/03/05 07:28:22+00,d7f14b6c-812e-43ee-9017-d764193656db
-8939105.20899999,2988210.5653,504,3220240150470,202414,ML Tax Dist.- (p-34A & B),15220 Miami Lakeway E,Miami Lakes,33014,305-698-9308, ,Mini Park,1,Local,Undeveloped,Miami Lakes,25.9122,-80.30135,885813.703440662,574389.407037072,AEBCBC67-9F91-4DF4-8654-F01DF3486BCA,2021/10/21 15:23:25+00,MiamiLakesPark,2024/01/31 09:47:15+00,e304239@miamidade.gov_MDC,PROSM,2024/01/31 10:03:33+00,PROSM,2024/03/05 07:28:31+00,58eea36a-6723-4398-a6aa-87a75820b02a
-8929989.69859999,2967002.7839,505,0141140120040,411450,Elizabeth Steele Park,3525 E Fairview St,Miami,33133,305-960-2946, ,Mini Park,0,Local,Undeveloped,Miami,25.74071,-80.21946,913100.469076995,512212.405078992,9711980D-084C-43E8-A829-E82390ED677E,2021/10/21 15:23:25+00,MiamiPark,2024/01/31 09:47:15+00,e304239@miamidade.gov_MDC,PROSM,2024/01/31 10:03:08+00,PROSM,2024/03/05 07:27:50+00,93257469-b6ab-4ef5-bf81-2679b4449c87
-8924185.24549999,2990804.1318,506, ,220854,Edna Moffett Blvd,NE 171 ST & NE 16th Ave,North Miami Beach,33162,305-948-2957, ,Greenway,0.58200269622,Area-Wide,Undeveloped,North Miami Beach,25.93315,-80.16732,929822.055384412,582263.050082408,51E29CDB-02CA-48D1-B0F7-0931620762FC,2021/10/21 15:23:25+00,NorthMiamiBeachPark,2024/01/31 09:47:15+00,e304239@miamidade.gov_MDC,PROSM,2024/01/31 10:03:32+00,PROSM,2024/03/05 07:28:29+00,b21b733b-3f18-4962-9d75-fb9361993b2d
-8932502.97159999,2973492.919,507,0131330360090,313350,Miami River Rapids,2900 NW S River Dr,Miami,33125,305-960-2946, ,Mini Park,1,Local,Undeveloped,Miami,25.79322,-80.24204,905558.637703996,531252.689504907,003CC83A-7C08-4B7A-8B93-DBEF73F72475,2021/10/21 15:23:25+00,MiamiPark,2024/01/31 09:47:15+00,e304239@miamidade.gov_MDC,PROSM,2024/01/31 10:03:33+00,PROSM,2024/03/05 07:28:31+00,dd35bb33-3351-4a38-b496-ceee50e217e9
-8935692.60679999,2960346.7105,508,0351050080290,430,Solano Prado,9400 Old Cutler Ln,Coral Gables,33156,305-460-5620,305-460-5620,Neighborhood Park,1,Local,Undeveloped,Coral Gables,25.68684,-80.27069,899928.827769414,492277.820932493,3603B3C6-602C-4965-9A3A-5A9C4D72DA02,2021/10/21 15:23:25+00,CoralGablesPark,2024/01/31 09:47:15+00,e304239@miamidade.gov_MDC,PROSM,2024/01/31 10:03:25+00,PROSM,2024/03/05 07:28:17+00,6f08e3a4-25e8-445a-97cc-aeb34e1bdea9
-8938114.10719999,2963024.7589,509,0940250630030,402550,Marshall Williamson Park,6121 SW 68th St,South Miami,33143,305-668-3876, ,Community/Neighborhood,3,Local,Fully Developed,South Miami,25.70852,-80.29244,889138.330649663,500375.877570987,7E546CE7-68F6-4F15-8551-C7C561A0594E,2021/10/21 15:23:25+00,SouthMiamiPark,2024/01/31 09:47:15+00,e304239@miamidade.gov_MDC,PROSM,2024/01/31 10:03:33+00,PROSM,2024/03/05 07:28:32+00,c3f4cc4f-1edf-43dd-9200-a9e5b13890d7
-8930219.15459999,2972012.7058,510,0131350161440, ,Grove Mini Park,NW 15th Ave & NW 8th St,Miami,33125,305-416-1300,,Open Space,0.46494,Mini Park,Playground,Miami,25.78124,-80.22152,912334.936487328,526940.36807707,1B836835-F0B8-4F84-B817-1E4B9904DE17,2021/10/21 15:23:25+00,MiamiPark,2024/01/31 09:47:15+00,e304239@miamidade.gov_MDC,PROSM,2024/01/31 10:03:12+00,PROSM,2024/03/05 07:27:56+00,31d8c607-c7c8-4037-b1cd-ff1ff0fc2810
-8929381.10499999,2976705.9783,511,0131230112030,312350,Crestwood Park,NW 48th St & NW 11th Ave,Miami,33127,305-960-2946, ,Mini Park,1,Local,Fully Developed,Miami,25.8192,-80.21399,914729.943508327,540751.449706823,39D648EA-542D-4C2B-BAEE-4F5718DACDE0,2021/10/21 15:23:25+00,MiamiPark,2024/01/31 09:47:15+00,e304239@miamidade.gov_MDC,PROSM,2024/01/31 10:03:35+00,PROSM,2024/03/05 07:28:34+00,891ad523-bd8e-46ff-a14e-12b7fecbfc55
-8939632.55789999,2989463.974,512,3220130042440,201303,ML Tax Dist.- (p-57),6402 Turkey Run Ter,Miami Lakes,33014,305-698-9308, ,Mini Park,0,Local,Undeveloped,Miami Lakes,25.92232,-80.30608,884237.039271161,578062.029284991,7F61238F-8AA4-4BA6-900C-DED6111A1B25,2021/10/21 15:23:25+00,MiamiLakesPark,2024/01/31 09:47:15+00,e304239@miamidade.gov_MDC,PROSM,2024/01/31 10:03:26+00,PROSM,2024/03/05 07:28:19+00,8d60df62-6251-4609-9bdb-1973ec5aaecf
-8927873.04779999,2977281.915,513,0131240132930,312450,Buena Vista Park,232 NW 53rd St,Miami,33127,305-795-2334,NATASHA JENKINS,Community/Neighborhood,1,Local,Fully Developed,Miami,25.82386,-80.20045,919176.258762661,542471.03878732,BB2BD484-421A-43B2-A5DB-B209F5097FD3,2021/10/21 15:23:25+00,MiamiPark,2024/01/31 09:47:15+00,e304239@miamidade.gov_MDC,PROSM,2024/01/31 10:03:14+00,PROSM,2024/03/05 07:28:00+00,feaa9729-0164-47b5-b4c2-629e605176e9
-8940150.73339999,2986723.677,514,3220230060750,202312,ML Tax Dist..- (p-27),6786 Crooked Palm Ter,Miami Lakes,33014,305-698-9308, ,Mini Park,0,Local,Undeveloped,Miami Lakes,25.90018,-80.31074,882749.387718912,570006.112654075,B5C578A5-5745-47C8-BD82-9A7EAE5C44C6,2021/10/21 15:23:25+00,MiamiLakesPark,2024/01/31 09:47:15+00,e304239@miamidade.gov_MDC,PROSM,2024/01/31 10:03:30+00,PROSM,2024/03/05 07:28:27+00,2bd561f3-a99d-4a0f-8a2f-ec0ba2cf394f
-8946397.49159999,2969625.5508,515,2540050010632,400551,"Jose ""Lolo"" Villalobos Dominoes Park",10620 SW 7th Ter,Sweetwater,33174,305-551-4774, ,Metropolitan Park,1,Local,Fully Developed,Sweetwater,25.76193,-80.36685,864543.851295412,519665.300278157,6BE6C27F-C016-449F-B628-65BEC4C50BD8,2021/10/21 15:23:25+00,SweetwaterPark,2024/01/31 09:47:15+00,e304239@miamidade.gov_MDC,PROSM,2024/01/31 10:03:31+00,PROSM,2024/03/05 07:28:27+00,0f338796-d40c-4dd3-9fd9-f04867551dfe
-8930211.45249999,2972358.2516,516, ,ITD38,Grove Park (Median Strip),NW S River Dr & NW 16th Ave,Miami,33125,305-960-2946, ,Mini Park,0,Local,Undeveloped,Miami,25.78404,-80.22145,912351.700233329,527956.418210319,A458F9D4-86A9-4916-9179-83A0C8B4773E,2021/10/21 15:23:25+00,MiamiPark,2024/01/31 09:47:15+00,e304239@miamidade.gov_MDC,PROSM,2024/01/31 10:03:45+00,PROSM,2024/03/05 07:28:49+00,cedb4ac8-c016-4285-aca8-05dc3d36589c
-8918975.85889999,2982766.656,517,0232020040010,320252,North Shore Open Space Park,79th St / Collins Ave,Miami Beach,33141,305-673-7720,305-673-7730,Metropolitan Park,26,Area-Wide,Fully Developed,Miami Beach,25.8682,-80.12052,945360.500029247,558755.939944491,49CA366D-D3E2-409F-817C-F0F5E7C773F2,2021/10/21 15:23:25+00,MiamiBeachPark,2024/01/31 09:47:15+00,e304239@miamidade.gov_MDC,PROSM,2024/01/31 10:03:34+00,PROSM,2024/03/05 07:28:33+00,49a9aedc-853d-439d-b48c-41ed78f07d56
-8919027.23659999,2993496.3055,518,3122020110040,14172,Heritage Park,19200 Collins Ave,Sunny Isles Beach,33160,305-792-1706,305-792-1706,Community Park,4,Local,Fully Developed,Sunny Isles Beach,25.9549,-80.12098,944997.45285508,590267.10822124,7183E30A-5361-4D90-B73A-F80FC475487F,2021/10/21 15:23:25+00,SunnyIslesBeachPark,2024/01/31 09:47:15+00,e304239@miamidade.gov_MDC,PROSM,2024/01/31 10:03:16+00,PROSM,2024/03/05 07:28:03+00,8228954e-d39a-41fc-8e9a-7569a094e507
-8920918.83169999,2993148.9377,519,2822030520060,ITD59,Founders Park SplashPad,3105 NE 190th St,Aventura,33180,305-466-0183, ,Community/Neighborhood,1.6,Local,Fully Developed,Aventura,25.95209,-80.13797,939420.453838494,589210.142487407,4D774958-16C1-426C-A8E9-6C7BBBD6FE70,2021/10/21 15:23:25+00,AventuraPark,2024/01/31 09:47:15+00,e304239@miamidade.gov_MDC,PROSM,2024/01/31 10:03:29+00,PROSM,2024/03/05 07:28:24+00,96c0f3c0-d20b-4a73-b3e9-f8e1483fffdb
-8919305.77419999,2990439.8616,520,,,Gateway Park,151 Sunny Isles Blvd,Sunny Isles Beach,33160,305-792-1706,305-792-1706,Community Park,,Local,Undeveloped,Sunny Isles Beach,25.93021,-80.12348,944235.313303247,581287.37224374,D875A8E0-0EB4-44B0-9CF9-7816EE3DC5C3,2021/10/21 15:23:25+00,SunnyIslesBeachPark,2024/01/31 09:47:15+00,e304239@miamidade.gov_MDC,PROSM,2024/01/31 10:03:23+00,PROSM,2024/03/05 07:28:14+00,0364b61f-1344-42b0-be62-d0cc17f3b61b
-8939720.89249999,2987775.8547,521,3220240140860,202416,ML Tax Dist.- (p-45),6550 Miami Lakes Dr,Miami Lakes,33014,305-698-9308, ,Mini Park,0,Local,Undeveloped,Miami Lakes,25.90868,-80.30689,884002.435737744,573103.068074323,F11DF259-3003-48CF-A6D0-EE539F9597AF,2021/10/21 15:23:25+00,MiamiLakesPark,2024/01/31 09:47:15+00,e304239@miamidade.gov_MDC,PROSM,2024/01/31 10:03:41+00,PROSM,2024/03/05 07:28:44+00,0be21656-f4cf-4a41-b169-246d9608d9b9
-8920555.84759999,2992883.5095,522,2822030470010,220352,Arthur I. Snyder Memorial Park / C.R.C.,"3385 NE 188TH ST, AVENTURA, FL, 33180",Aventura,33180,305-466-3883,Jennifer Blake,Community/Neighborhood,1,Local,Outdoor Plaza,Aventura,25.94995,-80.13472,940549.96436675,588422.916724727,B5427A1D-5BDC-43DF-AEE2-7FEF54FFBA4E,2021/10/21 15:23:25+00,AventuraPark,2024/01/31 09:47:15+00,e304239@miamidade.gov_MDC,PROSM,2024/01/31 10:03:13+00,PROSM,2024/03/05 07:27:57+00,05cf12cd-e72c-4165-9d66-79db716fad34
-8937475.61899999,2969789.721,523,0341070188210,,J. Fritz and Frances Gordon Park,"800 COUNTRY CLUB PRADO, CORAL GABLES, 33134",Coral Gables,33134,305-460-5620,Fabio Rodriguez,Neighborhood Park,1.57,Local,Open Space,Coral Gables,25.76327,-80.28671,890919.867509085,520283.042407127,9424CCC5-957D-4555-867F-F42EA0DFE847,2023/08/25 16:51:34+00,CoralGablesPark,2024/05/13 12:31:01+00,CoralGablesPark,PROSM,2024/01/31 10:03:46+00,PROSM,2024/05/14 15:56:46+00,66b14939-b266-4537-83f9-a429b93df63e
-8922672.74959999,2990498.2279,524,0722090010681,221651,Arthur I. Snyder Tennis Complex,16851 W Dixie Hwy,North Miami Beach,33160,305-919-0839, ,Single Purpose Park,17,Local,Fully Developed,North Miami Beach,25.93068,-80.15373,934293.324657079,581393.404840074,C8CD3028-4622-4186-9D0F-82572DA2C78A,2021/10/21 15:23:25+00,NorthMiamiBeachPark,2024/01/31 09:47:15+00,e304239@miamidade.gov_MDC,PROSM,2024/01/31 10:03:03+00,PROSM,2024/03/05 07:27:42+00,d4814ee5-3e36-4136-9eda-973015577261
-8919977.09169999,2983746.983,525,1422350012950,223450,Hawthorne Tot Lot,1125 90 ST,Surfside,33154,305-861-4863, ,Mini Park,0,Local,Open Space,Surfside,25.87612,-80.12951,942383.746140245,561616.321362823,B98B3574-311D-4E7B-AE6A-27F4254C7038,2021/10/21 15:23:25+00,SurfsidePark,2024/01/31 09:47:15+00,e304239@miamidade.gov_MDC,PROSM,2024/01/31 10:03:01+00,PROSM,2024/03/05 07:27:39+00,16087edd-67f6-4c2c-a8e2-8aaf0138b46c
-8939600.45549999,2985545.3721,526,0420250010470,202552,McDonald Park,7505 W 12Th Ave,Hialeah,33014,305-818-9164 ,Kenneth Soler,Neighborhood Park,19,Local,Fully Developed,Hialeah,25.89066,-80.30579,884392.750245828,566553.718312159,00ADF80D-B91F-452E-8EA2-A3DD21FCAF1E,2021/10/21 15:23:25+00,HialeahPark,2024/01/31 09:47:15+00,e304239@miamidade.gov_MDC,PROSM,2024/01/31 10:03:07+00,PROSM,2024/03/05 07:27:49+00,505f4d8c-d485-4ee7-a451-e4e436702dc4
-8938296.65749999,2970361.4009,527,0140010070080,400150,West End Park, 6030 SW 2nd St,Miami,33144,305-264-0341, ,Community/Neighborhood,6,Local,Fully Developed,Miami,25.76789,-80.29408,888482.912012994,521950.666770406,2727EECC-2A11-426F-A4C0-DB3899B7023E,2021/10/21 15:23:25+00,MiamiPark,2024/01/31 09:47:15+00,e304239@miamidade.gov_MDC,PROSM,2024/01/31 10:03:06+00,PROSM,2024/03/05 07:27:46+00,623c11eb-8bb9-492a-82ff-2e3e4114bdf3
-8938545.18669999,2964181.4974,528,0940250180010,402552,Brewer Park,6300 SW 56th St,South Miami,33143,305-668-3876, ,Community/Neighborhood,1,Local,Fully Developed,South Miami,25.71788,-80.29632,887845.107514329,503771.833049409,A67D47D5-FEC1-4697-A4CF-1E8E1EB1EB20,2021/10/21 15:23:25+00,SouthMiamiPark,2024/01/31 09:47:15+00,e304239@miamidade.gov_MDC,PROSM,2024/01/31 10:03:11+00,PROSM,2024/03/05 07:27:54+00,49b5d469-11e3-408c-8ad0-fd7b21c3d8a2
-8926645.53479999,2991771.5169,529,0722070310120,220750,Milton Littman Park,600 NE Miami Gardens Dr,North Miami Beach,33162,305-948-2957, ,Mini Park,0,Local,Fully Developed,North Miami Beach,25.94096,-80.18942,922540.782873496,585057.997248404,65C5E3D4-D729-4B1C-8CC5-42E8E530D39B,2021/10/21 15:23:25+00,NorthMiamiBeachPark,2024/01/31 09:47:15+00,e304239@miamidade.gov_MDC,PROSM,2024/01/31 10:03:18+00,PROSM,2024/03/05 07:28:06+00,c10d2400-c470-44e1-a252-7d9eaa5105ef
-8919108.52249999,2984443.2795,530,1422350060490,501551,Surfside Community Center,9301 Collins Ave,Surfside,33154,305-861-4863, ,Community/Neighborhood,1,Local,Fully Developed,Surfside,25.88175,-80.12171,944935.65573458,563678.937644407,A2872395-DBF2-4915-98B4-AAC637406E9A,2021/10/21 15:23:25+00,SurfsidePark,2024/01/31 09:47:15+00,e304239@miamidade.gov_MDC,PROSM,2024/01/31 10:03:03+00,PROSM,2024/03/05 07:27:42+00,560a7219-0872-4216-b2a7-5bb02b9e0f15
-8941997.06709999,2956315.0697,531,2050150000060,501552,Evelyn Greer Park,8200 SW 124th St,Pinecrest,33156,305-234-2110, ,Community/Neighborhood,10,Local,Fully Developed,Pinecrest,25.6542,-80.32732,877753.39541433,480572.915208489,4C1E86C4-DA6F-4142-ACBD-202184D7D51A,2021/10/21 15:23:25+00,PinecrestPark,2024/01/31 09:47:15+00,e304239@miamidade.gov_MDC,PROSM,2024/01/31 10:03:44+00,PROSM,2024/03/05 07:28:47+00,606337f0-7c2d-4fb1-be00-13d50eaa82a6
-8926248.57199999,2975935.1917,532,0132190000250,321952,Albert Pallot Park,NE 38th St & NE 6th Ave,Miami,33137,305-960-2946, ,Community/Neighborhood,3,Local,Fully Developed,Miami,25.81297,-80.18585,924001.223522164,538542.233980909,E8B60B65-F1CE-4460-86B4-AB2CD4A759AF,2021/10/21 15:23:25+00,MiamiPark,2024/01/31 09:47:15+00,e304239@miamidade.gov_MDC,PROSM,2024/01/31 10:03:28+00,PROSM,2024/03/05 07:28:22+00,024fb996-1b86-4b05-ba33-d48157eb72c2
-8926758.98919998,2985195.5445,533,0622300090010,223051,Griffing Park,12220 Griffing Blvd,North Miami,33161,305-893-3771, ,Community/Neighborhood,2,Local,Fully Developed,North Miami,25.88783,-80.19044,922325.107779913,565743.454840824,8C662553-9D3D-4B41-96CB-1D3DCF722AC7,2021/10/21 15:23:25+00,NorthMiamiPark,2024/01/31 09:47:15+00,e304239@miamidade.gov_MDC,PROSM,2024/01/31 10:03:40+00,PROSM,2024/03/05 07:28:42+00,fb12c3ec-ab31-4789-b316-a46aa8e93195
-8919541.93229998,2981622.9585,534,0232020030631,ITD28,Parkview Island Park,7398 Dickens Ave,Miami Beach,33141,305-673-7730,305-673-7730,Community/Neighborhood,0.78,Local,Fully Developed,Miami Beach,25.85895,-80.12561,943710.681478497,555384.476543076,6ED2D3C6-B838-4C33-98A6-318939056A83,2021/10/21 15:23:25+00,MiamiBeachPark,2024/01/31 09:47:15+00,e304239@miamidade.gov_MDC,PROSM,2024/01/31 10:03:39+00,PROSM,2024/03/05 07:28:41+00,fdbc644b-c351-412a-bcdb-7c30ddfd0072
-8960107.65339999,2933277.6063,535,1078130060020,791351,Robey George Park,201 SW 11th Ave,Homestead,33030,305-242-7146, ,Community/Neighborhood,7,Local,Fully Developed,Homestead,25.4675,-80.49001,824421.103785161,412480.769240826,50FF7B57-D2C1-42FA-AB44-D0DD821DF009,2021/10/21 15:23:25+00,HomesteadPark,2024/01/31 09:47:15+00,e304239@miamidade.gov_MDC,PROSM,2024/01/31 10:03:27+00,PROSM,2024/03/05 07:28:21+00,8c37cdde-e893-43e4-a0c9-0df479318c4d
-8943340.99299999,2987495.7427,536,3220220120330,202215,ML Tax Dist.- (p-78),8620 Ardoch Rd,Miami Lakes,33016,305-698-9308, ,Mini Park,0,Local,Undeveloped,Miami Lakes,25.90642,-80.3394,873316.700875662,572225.217795908,42148FD0-FEB5-4786-9941-A543820D2946,2021/10/21 15:23:25+00,MiamiLakesPark,2024/01/31 09:47:15+00,e304239@miamidade.gov_MDC,PROSM,2024/01/31 10:03:25+00,PROSM,2024/03/05 07:28:17+00,c3691790-bf50-4ba9-803f-37f097b8d3e8
-8923654.83279999,2971937.4972,537,0242050010370,420550,Palm Island Park,159 Palm Ave,Miami Beach,33139,305-673-7730,305-673-7779,Community/Neighborhood,2,Local,Fully Developed,Miami Beach,25.78063,-80.16255,931741.428186078,526838.272480741,CA47E590-EC4C-4B84-9478-CC0C967FA03F,2021/10/21 15:23:25+00,MiamiBeachPark,2024/01/31 09:47:15+00,e304239@miamidade.gov_MDC,PROSM,2024/01/31 10:03:01+00,PROSM,2024/03/05 07:27:38+00,d724ef42-32ae-45a6-896c-d1f77d500729
-8919766.06879999,2978760.8407,538,0232140000010,ITD17,La Gorce Golf Course,5685 Alton Rd,Miami Beach,33140,305-866-9469, ,Special Activity Park,136.8,Area-Wide,Fully Developed,Miami Beach,25.83582,-80.12762,943104.359856494,546969.759448654,6612EFEA-ADC5-494C-8FBE-43DC5B0A761B,2021/10/21 15:23:25+00,MiamiBeachPark,2024/01/31 09:47:15+00,e304239@miamidade.gov_MDC,PROSM,2024/01/31 10:03:11+00,PROSM,2024/03/05 07:27:54+00,bac424d6-610b-44e8-8023-5a19dd2411b2
-8924878.55169998,2989479.2524,539,0722170060980,221757,Hosea Sauls Park,NE 13th Ave & NE 159th St,North Miami Beach,33162,305-948-2957, ,Mini Park,0,Local,Fully Developed,North Miami Beach,25.92245,-80.17356,927799.692303162,578359.576590158,D03C55F5-971E-4C66-835E-0B06021DBFD8,2021/10/21 15:23:25+00,NorthMiamiBeachPark,2024/01/31 09:47:15+00,e304239@miamidade.gov_MDC,PROSM,2024/01/31 10:03:23+00,PROSM,2024/03/05 07:28:14+00,62f25a0e-f2aa-438a-b7ea-115b4136bea8
-8934369.95069999,2969425.9916,540,,,Ponce De Leon Park,"1201 E PONCE DE LEON BLVD, CORAL GABLES, FL, 33134",Coral Gables,33134,305-446-6800,305-460-5620,Neighborhood Park,,Local,Development,Coral Gables,25.76032,-80.25881,900257.911997077,519259.747692847,981FF2C3-D0D9-4245-96DD-7662C8B4B740,2021/10/21 15:23:25+00,CoralGablesPark,2024/01/31 09:47:15+00,e304239@miamidade.gov_MDC,PROSM,2024/01/31 10:03:09+00,PROSM,2024/03/05 07:27:52+00,21aa0615-64e9-48e7-ab8b-11023105eb65
-8939841.53259999,2987729.1579,541,3220240140850,202328,ML Tax Dist.- (p-44),6640 Ludlam Drive,Miami Lakes,33014,305-698-9308, ,Mini Park,0,Local,Undeveloped,Miami Lakes,25.90831,-80.30796,883646.917747997,572964.041777574,AE1417D6-0680-4C62-B12D-2C2D7BB1D61E,2021/10/21 15:23:25+00,MiamiLakesPark,2024/01/31 09:47:15+00,e304239@miamidade.gov_MDC,PROSM,2024/01/31 10:03:33+00,PROSM,2024/03/05 07:28:31+00,508428ff-670c-47ae-8128-cf2a6608764a
-8924308.91599999,2990543.1457,542, ,ITD32,Schenkenberger Park,NE 169th Street & North Glades Drive,North Miami Beach,33162,305-948-2957, ,Greenway,0.2,Local,Undeveloped,North Miami Beach,25.93104,-80.16843,929461.797574747,581494.371501654,68E9C1BB-F493-4645-B08C-23C5E2A969BF,2021/10/21 15:23:25+00,NorthMiamiBeachPark,2024/01/31 09:47:15+00,e304239@miamidade.gov_MDC,PROSM,2024/01/31 10:03:31+00,PROSM,2024/03/05 07:28:27+00,707400d2-39af-42fd-a03d-9d0c8dda004a
-8937280.25329999,2968481.5309,543,0341070161910,422,Alhambra Water Tower,"2000 ALHAMBRA CIR, CORAL GABLES, 33134",Coral Gables,33134,305-460-5620,Fabio Rodriguez,Neighborhood Park,0.57999999999,Local,Open Space,Coral Gables,25.75268,-80.28495,891518.184784218,516440.247577586,D4B0E879-44CF-45AD-8203-8A8495926E06,2023/08/25 11:45:45+00,CoralGablesPark,2024/05/08 13:42:48+00,CoralGablesPark,PROSM,2024/01/31 10:03:45+00,PROSM,2024/05/14 15:56:42+00,675a619b-2a21-43fd-b1e6-39e616fab190
-8939235.68809999,2969349.3815,544,1540120440501, ,Garden Club Park,6585  SW 12th St,West Miami,33144,305-261-5566,,Community/Neighborhood,0.16765200988,Local,Fully Developed,West Miami,25.7597,-80.30252,885722.479541745,518960.08580932,33D4171B-46B1-4CFB-91C8-A3C3B769D204,2021/10/21 15:23:25+00,WestMiamiPark,2024/01/31 09:47:15+00,e304239@miamidade.gov_MDC,PROSM,2024/01/31 10:03:01+00,PROSM,2024/03/05 07:27:39+00,a817ec7b-b326-43ce-ac06-e7547ab93eb7
-8923400.07539999,2980659.4087,545,2332090010220,ITD45,Dr. Paul Vogel Community Park,7920 West Dr,North Bay Village,33141,305-756-7171, ,Community/Neighborhood,0,Local,Fully Developed,North Bay Village,25.85117,-80.16026,932330.904041246,552478.919033988,7B4F8275-DC5D-438D-B5C6-45E1C697BC6E,2021/10/21 15:23:25+00,NorthBayVillagePark,2024/01/31 09:47:15+00,e304239@miamidade.gov_MDC,PROSM,2024/01/31 10:03:38+00,PROSM,2024/03/05 07:28:39+00,e7290f2b-ca5d-494e-904a-10229a799f45
-8942304.41459999,2955840.5765,546,2050150000480,501550,Suniland Park,12855 S Dixie Hwy,Pinecrest,33156,305-234-2120, ,Community/Neighborhood,8,Local,Fully Developed,Pinecrest,25.65036,-80.33008,876850.952337328,479171.793010741,6F1E4EFF-7BD1-4937-8280-63CA484EAB1B,2021/10/21 15:23:25+00,PinecrestPark,2024/01/31 09:47:15+00,e304239@miamidade.gov_MDC,PROSM,2024/01/31 10:03:10+00,PROSM,2024/03/05 07:27:52+00,b433a043-ccd4-4006-8fad-02e8e17f287a
-8923558.57529999,2985108.3867,547,0622280112110,222850,Alfred S. Besade Family Park,11825 NE 19th Dr,North Miami,33181,305-895-9840, ,Community/Neighborhood,1,Local,Fully Developed,North Miami,25.88713,-80.16169,931779.179750994,565546.781349659,07239EA6-E555-42EE-8112-04644A39F966,2021/10/21 15:23:25+00,NorthMiamiPark,2024/01/31 09:47:15+00,e304239@miamidade.gov_MDC,PROSM,2024/01/31 10:03:11+00,PROSM,2024/03/05 07:27:54+00,d8257012-674c-4399-911b-0422d5a0dfe8
-8929981.45359999,2970065.0956,548,0141110050140,411150,Maximo Gomez Park,1444 SW 8th St,Miami,33135,305-960-2946, ,Mini Park,0,Local,Fully Developed,Miami,25.76549,-80.21939,913071.537704412,521218.04946924,73275DB6-51E3-496E-AD76-CCB8A7D68F9C,2021/10/21 15:23:25+00,MiamiPark,2024/01/31 09:47:15+00,e304239@miamidade.gov_MDC,PROSM,2024/01/31 10:03:04+00,PROSM,2024/03/05 07:27:44+00,1e427f00-76c8-4f26-a1d7-79a2f1a1ecd8
-8943035.14589999,2987758.6306,549,3220220101200,202213,ML Tax Dist.- (p-76),Rednock Ln / Breckness Pl,Miami Lakes,33016,305-698-9308, ,Mini Park,0,Local,Undeveloped,Miami Lakes,25.90854,-80.33666,874215.95367033,573001.860927656,AFF9B904-069A-4F41-B029-0F1E0916E0DA,2021/10/21 15:23:25+00,MiamiLakesPark,2024/01/31 09:47:15+00,e304239@miamidade.gov_MDC,PROSM,2024/01/31 10:03:20+00,PROSM,2024/03/05 07:28:09+00,699d4bc9-cf96-4f4b-9931-8246255c3854
-8938514.14519999,2961705.2524,550,0940360120040, ,South Miami Dog Park,"6304 SW 78TH ST, SOUTH MIAMI, FL, 33143",South Miami,33143,305-668-3876,,Open Green Space,0.51169765146,Lcoal,Undeveloped,Coral Gables,25.69784,-80.29605,887967.811904632,496471.905197639,5F2B968E-D051-4E48-B9C2-3F28D188377D,2021/10/21 15:23:25+00,SoutnMiamiPark,2024/01/31 09:47:15+00,e304239@miamidade.gov_MDC,PROSM,2024/01/31 10:03:25+00,PROSM,2024/03/05 07:28:18+00,427f2402-c11d-4c96-add2-fc97ac0df2ff
-8928051.78419999,2973950.7357,551,0131250630010,312554,Rainbow Village Mini Park,2001 NW 4th Ct,Miami,33127,305-960-2946, ,Mini Park,2,Local,Fully Developed,Miami,25.79692,-80.20205,918707.45425408,532676.286723323,D99BD536-A610-4EFF-8A07-AB44DAF5E53E,2021/10/21 15:23:25+00,MiamiPark,2024/01/31 09:47:15+00,e304239@miamidade.gov_MDC,PROSM,2024/01/31 10:03:36+00,PROSM,2024/03/05 07:28:35+00,6f25fc75-08d1-410d-bf45-f92681f4db6a
-8923559.00219999,2989097.1965,552,0722160000220,221650,Aqua Bowl/Taylor Park ,15458 W Dixie Hwy,North Miami Beach,33162,305-948-2957, ,Community/Neighborhood,21.96437495389,Local,Fully Developed,North Miami Beach,25.91936,-80.16169,931703.031281244,577262.347157322,C93FA483-2D36-40A6-98E8-7954AC495BEB,2021/10/21 15:23:25+00,NorthMiamiBeachPark,2024/01/31 09:47:15+00,e304239@miamidade.gov_MDC,PROSM,2024/01/31 10:03:05+00,PROSM,2024/03/05 07:27:44+00,35589713-2e77-4b91-a467-2437cf57b3a2
-8948283.00809999,2976600.2903,553,3530190010250,ITD56,Trails & Tails Park,11645 NW 50th St,Doral,33178,305-593-6600,305-593-6600,Community/Neighborhood,8.56,Local,Fully Developed,Doral,25.81835,-80.3838,858873.282255996,540143.115949742,FD68EF83-2B11-4CA4-B66C-A72D4ED9B3ED,2021/10/21 15:23:25+00,DoralPark,2024/01/31 09:47:15+00,e304239@miamidade.gov_MDC,PROSM,2024/01/31 10:03:40+00,PROSM,2024/03/05 07:28:43+00,bb68d36c-dc77-4b84-b17f-bec4bf15bf2e
-8941163.66949999,2987096.0504,554,3220230081310,202315,ML Tax Dist..- (p-30),14295 Sabal Dr,Miami Lakes,33014,305-698-9308, ,Mini Park,0,Local,Undeveloped,Miami Lakes,25.90319,-80.31984,879752.375996411,571084.18825382,BC4E0EC5-3DF4-4F51-B107-A23410E224E3,2021/10/21 15:23:25+00,MiamiLakesPark,2024/01/31 09:47:15+00,e304239@miamidade.gov_MDC,PROSM,2024/01/31 10:03:09+00,PROSM,2024/03/05 07:27:51+00,e22ca9fd-6781-42b0-b871-79b5c1199813
-8946535.49809999,2985512.294,555, ,202953,Vietnam Veteran Memorial Park,NW 104th Ave & NW 129th St,Hialeah Gardens,33018,305-558-2331, ,Mini Park,0,Local,Undeveloped,Hialeah Gardens,25.89039,-80.36809,863911.492980078,566353.05434341,58A7E73F-08F6-4AF2-8DE0-A5401ECD594E,2021/10/21 15:23:25+00,HialeahGardensPark,2024/01/31 09:47:15+00,e304239@miamidade.gov_MDC,PROSM,2024/01/31 10:03:00+00,PROSM,2024/03/05 07:27:38+00,bf66c66b-6451-4cc6-acd4-1bc5f152e4d7
-8938743.43569999,2962823.2755,556,0940250000430,ITD42,All-America Park,6820 SW 64th Ave,South Miami,33143,305-668-3876, ,Mini Park/Tot Lot,1.3,Local,Undeveloped,South Miami,25.70689,-80.29811,887279.98955008,499773.216046654,87524F62-C766-4AD7-B402-2C36DB2D9E3C,2021/10/21 15:23:25+00,SouthMiamiPark,2024/01/31 09:47:15+00,e304239@miamidade.gov_MDC,PROSM,2024/01/31 10:03:12+00,PROSM,2024/03/05 07:27:56+00,c94e6451-06f7-425b-98a3-eeb1c3aae766
-8942836.66479999,2987779.7607,557,3220220041100,202208,ML Tax Dist.- (p-71),8335 Rednock Ln,Miami Lakes,33016,305-698-9308, ,Mini Park,0,Local,Undeveloped,Miami Lakes,25.90871,-80.33487,874801.738259912,573066.887044325,1E4D3A5A-C6AD-4856-B18F-6A5B25A67AC5,2021/10/21 15:23:25+00,MiamiLakesPark,2024/01/31 09:47:15+00,e304239@miamidade.gov_MDC,PROSM,2024/01/31 10:03:27+00,PROSM,2024/03/05 07:28:20+00,c63546aa-8d74-439c-8cb5-711d8aecc74a
-8935982.32369999,2968082.2001,558,0341070210080,,Coral Gables Merrick House,"907 CORAL WAY, CORAL GABLES, 33134",Coral Gables,33134,305-460-5620,Fabian Rodriguez,Community/Neighborhood,1.33,Local,Development,Coral Gables,25.74945,-80.27331,895362.371746248,515284.748608856,89DE5663-D0E8-4CAA-8B15-C204A6AC9E5A,2023/08/25 16:23:38+00,CoralGablesPark,2024/05/08 14:50:42+00,CoralGablesPark,PROSM,2024/01/31 10:03:45+00,PROSM,2024/05/14 15:56:44+00,a1bc3a5c-4d0a-44dc-be61-ccdd55912561
-8925592.89439999,2977337.5504,559,0132190230010,321850,Morningside Park,5215 NE 7th Ave,Miami,33137,305-795-1834,JOSE SOTO,Community/Neighborhood,38,Local,Fully Developed,Miami,25.82431,-80.17996,925913.293844994,542676.040017739,ECFCDE0B-4287-4EB6-BE9C-8E416617A3C2,2021/10/21 15:23:25+00,MiamiPark,2024/01/31 09:47:15+00,e304239@miamidade.gov_MDC,PROSM,2024/01/31 10:03:16+00,PROSM,2024/03/05 07:28:03+00,cc767d01-474b-4700-afe4-b407c49a7343
-8937227.35839999,2965474.7787,560,0341190010920,,Betsy Adams and the Coral Gables Garden Club,"4650 ALHAMBRA CIR, CORAL GABLES, 33146",Coral Gables,33146,305-460-5620,Fabian Rodriguez,Neighborhood Park,0.48,Local,Undeveloped,Coral Gables,25.72835,-80.28448,891722.248204915,507608.530063844,35ABDE83-2D68-4C21-8BB1-B58471636B7B,2021/10/21 15:23:25+00,CoralGablesPark,2024/05/08 13:48:53+00,CoralGablesPark,PROSM,2024/01/31 10:03:04+00,PROSM,2024/05/14 15:56:42+00,20cad3c3-feea-477d-92f6-5cd3318a637c
-8928258.45579999,2972229.8067,561,0101010102020,313651,Henry Reeves Park,528 NW 10th St,Miami,33136,305-579-6970,JOSEPH WALLACE,Community/Neighborhood,2,Local,Fully Developed,Miami,25.783,-80.20391,918127.16998158,527613.29750549,207F41D1-0DA2-46CC-8B61-20091926BCF7,2021/10/21 15:23:25+00,MiamiPark,2024/01/31 09:47:15+00,e304239@miamidade.gov_MDC,PROSM,2024/01/31 10:03:35+00,PROSM,2024/03/05 07:28:35+00,09222e68-ed3b-48db-9297-cbbcab6a0490
-8941079.17939999,2987819.8583,562,3220230102460,202318,ML Tax Dist.- (p-35),7370 S Miami Lakeway,Miami Lakes,33014,305-698-9308, ,Mini Park,1,Local,Undeveloped,Miami Lakes,25.90904,-80.31908,879990.842382997,573211.287346072,BE6F1AE1-2016-42FA-8E09-E421AE7C2185,2021/10/21 15:23:25+00,MiamiLakesPark,2024/01/31 09:47:15+00,e304239@miamidade.gov_MDC,PROSM,2024/01/31 10:03:11+00,PROSM,2024/03/05 07:27:54+00,6658acd0-3adf-4df9-9ca5-84bb6eb5ccde
-8941591.15719999,2989425.2632,563,3220140101440,201407,ML Tax Dist.- (p-50),16470 Loch Ness Dr,Miami Lakes,33014,305-698-9308, ,Mini Park,1,Local,Undeveloped,Miami Lakes,25.92201,-80.32368,878454.691911995,577918.12143632,9F8F72EE-E0C2-48C1-B4A1-A0197B9B02EE,2021/10/21 15:23:25+00,MiamiLakesPark,2024/01/31 09:47:15+00,e304239@miamidade.gov_MDC,PROSM,2024/01/31 10:03:34+00,PROSM,2024/03/05 07:28:32+00,e57206ba-3917-4943-8495-61e7d3677cf6
-8921673.87719999,2973424.4746,564,0232330120390,323351,Maurice Gibbs Memorial Park,1700 Purdy Ave,Miami Beach,33139,305-861-3616,305-673-7779,Community/Neighborhood,3,Local,Fully Developed,Miami Beach,25.79266,-80.14477,937569.095992662,531247.564187072,A589F853-A64B-45A1-9B64-90356B950629,2021/10/21 15:23:25+00,MiamiBeachPark,2024/01/31 09:47:15+00,e304239@miamidade.gov_MDC,PROSM,2024/01/31 10:03:01+00,PROSM,2024/03/05 07:27:38+00,500ab858-34c1-4d13-ad96-94852f1e7ba7
-8936216.14589999,2968656.4945,565,,,Granada Plaza,"1900 GRANADA BLVD, CORAL GABLES, 33134",Coral Gables,33134,305-460-5620,Fabio Rodriguez,Neighborhood Park,0,Local,Open Space,Coral Gables,25.7541,-80.27541,894594.124076633,516881.498793646,D780B700-B329-4D40-8C34-5F11E079F57E,2023/08/25 16:47:47+00,CoralGablesPark,2024/05/23 17:37:38+00,E327883@miamidade.gov_MDC,PROSM,2024/01/31 10:03:45+00,PROSM,2024/05/29 07:42:52+00,43bd44d4-96bb-4392-ae46-759c1ef6b828
-8927755.28879999,2970546.2306,566,0102020701010,410151,Jose Marti Gymnasium,434 SW 3rd Ave,Miami,33130,305-960-2940,MAURO BERMUDES,Community/Neighborhood,0.24148815721,Local,Fully Developed,Miami,25.76938,-80.19939,919644.660712995,522672.265064739,F4262529-F779-4D50-A137-A8D329926552,2021/10/21 15:23:25+00,MiamiPark,2024/01/31 09:47:15+00,e304239@miamidade.gov_MDC,PROSM,2024/01/31 10:03:17+00,PROSM,2024/03/05 07:28:05+00,f9c52c96-450f-453a-bfee-9cc842a8d3e2
-8938844.44699999,2976785.3578,567,0530240041190,302450,Prince Field,101 Apache St,Miami Springs,33166,305-805-5075,305-805-5075,Community Park,4,Local,Fully Developed,Miami Springs,25.81984,-80.29901,886762.868208997,540826.690369993,55E005B1-CB10-4C55-80E0-C07A7BD2ABEB,2021/10/21 15:23:25+00,MiamiSpringsPark,2024/01/31 09:47:15+00,e304239@miamidade.gov_MDC,PROSM,2024/01/31 10:03:37+00,PROSM,2024/03/05 07:28:38+00,33b49150-8083-44df-8998-69983f6b63f5
-8939539.20749999,2986805.4105,568,3220240032760,202402,ML Tax Dist.- (p-03) Lake Patricia,6357 Lake Patricia Dr,Miami Lakes,33014,305-698-9308, ,Mini Park,0,Local,Undeveloped,Miami Lakes,25.90084,-80.30524,884554.038309079,570255.701393738,D6B5D44C-D09A-4DE0-9D9E-961069BD7E81,2021/10/21 15:23:25+00,MiamiLakesPark,2024/01/31 09:47:15+00,e304239@miamidade.gov_MDC,PROSM,2024/01/31 10:03:38+00,PROSM,2024/03/05 07:28:39+00,766dac83-ad3f-4a06-bc58-0993f9cca9cd
-8926614.99869999,2970556.2185,569, ,410150,Miami River Walk,401 Brickell Ave,Miami,33131,305-960-2946, ,Single Purpose Park,0,Local,Fully Developed,Miami,25.76946,-80.18914,923015.676936828,522722.245279737,FA11EC10-D196-4928-98FF-0E6D492DC689,2021/10/21 15:23:25+00,MiamiPark,2024/01/31 09:47:15+00,e304239@miamidade.gov_MDC,PROSM,2024/01/31 10:03:19+00,PROSM,2024/03/05 07:28:07+00,aff8f2d5-8d14-483e-b667-10e1e1e35961
-8936154.62489999,2968704.9182,570,0341080015682,,Majorca Park,"937 MEJORCA AVE, CORAL GABLES, 33134",Coral Gables,33134,305-460-5620,Fabio Rodriguez,Neighborhood Park,0.32,Local,Open Space,Coral Gables,25.75449,-80.27484,894838.997603446,517208.343788342,731B3EAE-B617-4E26-8BFD-1BBE9B1D0CED,2021/10/21 15:23:25+00,CoralGablesPark,2024/05/23 17:45:47+00,E327883@miamidade.gov_MDC,PROSM,2024/01/31 10:03:17+00,PROSM,2024/05/29 07:42:53+00,a1a69c8e-9967-417a-b5d9-05ad63ad12ed
-8929096.2967,2978256.2438,571,0131140121040,311450,Belafonte-Tacolcy Park,6161 NW 9th Ave,Miami,33127,305-960-2946, ,Community/Neighborhood,3,Local,Fully Developed,Miami,25.83174,-80.21143,915544.288336329,545312.70206724,0A31ABA1-E3F2-43AA-B5C6-093031DDDFB1,2021/10/21 15:23:25+00,MiamiPark,2024/01/31 09:47:15+00,e304239@miamidade.gov_MDC,PROSM,2024/01/31 10:03:30+00,PROSM,2024/03/05 07:28:26+00,3e1fa731-05a2-4c0c-b84e-ed8be941b3d3
-8943093.92849999,2987783.8842,572,3220220110490,202217,ML Tax Dist..- (p-80),14962 Rednock Ln,Miami Lakes,33016,305-698-9308, ,Mini Park,1,Local,Undeveloped,Miami Lakes,25.90875,-80.33718,874041.998309579,573075.150807321,3C48C887-9260-44CF-974F-2816984C2564,2021/10/21 15:23:25+00,MiamiLakesPark,2024/01/31 09:47:15+00,e304239@miamidade.gov_MDC,PROSM,2024/01/31 10:03:28+00,PROSM,2024/03/05 07:28:23+00,b5f64ae8-897a-4f5b-ba3e-f90e37167f07
-8937895.44089999,2965750.0006,573,0940240000620,ITD39,Downrite/South Miami Park,4300 SW 58th Ave,South Miami,33155,305-668-3876, ,Community/Neighborhood,10.3,Local,Undeveloped,South Miami,25.73057,-80.29048,889742.042368747,508395.753263488,C3A5DFF8-9AB8-4193-BF49-27D29C756B3C,2021/10/21 15:23:25+00,SouthMiamiPark,2024/01/31 09:47:15+00,e304239@miamidade.gov_MDC,PROSM,2024/01/31 10:03:40+00,PROSM,2024/03/05 07:28:42+00,f4dbe273-a36e-4a92-aec1-0d9f38b8a2b1
-8930242.72739999,2973003.8471,574,0131350040330,313551,Allapattah Mini Residential,1500 NW 16th Ave,Miami,33125,305-960-2946, ,Mini Park,0,Local,Fully Developed,Miami,25.78926,-80.22173,912248.033445913,529853.879310407,E5D3FC7B-6F3E-47B4-AB21-8E675025F3C3,2021/10/21 15:23:25+00,MiamiPark,2024/01/31 09:47:15+00,e304239@miamidade.gov_MDC,PROSM,2024/01/31 10:03:13+00,PROSM,2024/03/05 07:27:58+00,c4f320fc-3049-4d53-8415-7305e315e4e8
-8928073.99299999,2981086.7301,575, , ,El Portal Nature Trail,NW 87th St and NW 2nd Ave,El Portal,33150,305-795-7880,,Gated Nature Trail,0.29472909482,Local,Gated Nature Trail,El Portal,25.85462,-80.20226,918514.593091246,553648.482639736,7BEDF550-1C7D-4B00-A6A1-3006403CE9A3,2021/10/21 15:23:25+00,ElPortalPark,2024/01/31 09:47:15+00,e304239@miamidade.gov_MDC,PROSM,2024/01/31 10:03:36+00,PROSM,2024/03/05 07:28:36+00,cd4c2a12-26ff-4747-b036-bedafc9274ae
-8957904.85119999,2933956.9707,576,1079180081490,791352,J.D. Redd Park,550 N Homestead Blvd,Homestead,33030,305-224-4570, ,Community/Neighborhood,13,Local,Undeveloped,Homestead,25.47301,-80.47023,830941.739693996,414508.678242743,2DBD3D69-3F88-4230-AEAB-8438BEA06A9D,2021/10/21 15:23:25+00,HomesteadPark,2024/01/31 09:47:15+00,e304239@miamidade.gov_MDC,PROSM,2024/01/31 10:03:15+00,PROSM,2024/03/05 07:28:02+00,e57dafa5-d453-4731-8827-00caac70c7d8
-8956181.18789999,2931057.7559,577,1079200010220,ITD46,Mayor Roscoe Warren Municipal Park,1400 E Palm Dr,Homestead,33035,305-224-4570, ,Community/Neighborhood,37,Local,Fully Developed,Homestead,25.4495,-80.45474,836085.021730244,405983.170687489,B315804B-842A-41AE-88B1-D7EBFEAEF1A9,2021/10/21 15:23:25+00,HomesteadPark,2024/01/31 09:47:15+00,e304239@miamidade.gov_MDC,PROSM,2024/01/31 10:03:36+00,PROSM,2024/03/05 07:28:37+00,44b2f997-a13b-462a-849f-27d0c8fd6b35
-8938548.45559999,2979491.554,578,0430120091530,301253,Reid Swimming Pool,2245 W 7th Ct,Hialeah,33010,305-884-5515,Kenneth Soler,Neighborhood Park,1,Local,Fully Developed,Hialeah,25.84172,-80.29634,887595.005652327,548784.397551656,551492BE-EE62-4550-9513-5D9F8F8E74C1,2021/10/21 15:23:25+00,HialeahPark,2024/01/31 09:47:15+00,e304239@miamidade.gov_MDC,PROSM,2024/01/31 10:03:18+00,PROSM,2024/03/05 07:28:05+00,481c8d22-984b-4bc5-b747-34ab67b57dbc
-8942736.65109999,2985537.2456,579,0420270010340,202750,Carl F. Slade Park,2501 W 74th St,Hialeah,33016,305-818-2991,William Sanchez,Neighborhood Park,18,Local,Fully Developed,Hialeah,25.89059,-80.33397,875130.515161414,566481.836894237,5CF318B1-AFB0-4297-B9E7-C32080D5B94D,2021/10/21 15:23:25+00,HialeahPark,2024/01/31 09:47:15+00,e304239@miamidade.gov_MDC,PROSM,2024/01/31 10:03:44+00,PROSM,2024/03/05 07:28:48+00,2d0d116a-a9df-4023-b07b-b8dd0d10ba54
